State,County,Statecodes,Days with AQI,countyFIPS,Good Days,Moderate Days,Unhealthy for Sensitive Groups Days,Unhealthy Days,Very Unhealthy Days,Hazardous Days,Max AQI,90th Percentile AQI,Median AQI,Days CO,Days NO2,Days Ozone,Days SO2,Days PM2.5,Days PM10,Total_Deaths,Total Cases,Mortality_rate
Alabama,Baldwin County,AL,271,1003,237,34,0,0,0,0,80,52,37,0,0,220,0,51,0,9,282,3.19148936170213
Alabama,Clay County,AL,107,1027,97,10,0,0,0,0,67,50,30,0,0,0,0,107,0,2,27,7.40740740740741
Alabama,Colbert County,AL,263,1033,252,11,0,0,0,0,61,47,37,0,0,228,0,35,0,2,165,1.21212121212121
Alabama,DeKalb County,AL,361,1049,324,37,0,0,0,0,90,51,39,0,0,331,0,30,0,3,243,1.23456790123457
Alabama,Elmore County,AL,228,1051,208,20,0,0,0,0,100,50,39,0,0,228,0,0,0,7,323,2.1671826625387
Alabama,Etowah County,AL,279,1055,232,47,0,0,0,0,90,58,43,0,0,218,0,61,0,11,247,4.45344129554656
Alabama,Houston County,AL,280,1069,256,24,0,0,0,0,77,50,35,0,0,208,0,72,0,4,204,1.96078431372549
Alabama,Jefferson County,AL,365,1073,157,195,13,0,0,0,150,79,53,0,2,122,4,236,1,102,1744,5.84862385321101
Alabama,Lawrence County,AL,51,1079,50,1,0,0,0,0,53,35,22,0,0,0,0,51,0,0,48,0
Alabama,Madison County,AL,361,1089,255,106,0,0,0,0,93,58,44,0,0,155,0,199,7,4,324,1.23456790123457
Alabama,Mobile County,AL,364,1097,258,106,0,0,0,0,80,60,42,0,0,105,16,243,0,114,2162,5.27289546716004
Alabama,Montgomery County,AL,365,1101,171,193,1,0,0,0,122,67,52,0,0,50,0,314,1,38,1590,2.38993710691824
Alabama,Morgan County,AL,365,1103,306,59,0,0,0,0,93,54,41,0,0,195,0,170,0,1,244,0.40983606557377
Alabama,Russell County,AL,363,1113,268,95,0,0,0,0,84,59,40,0,0,116,0,247,0,0,162,0
Alabama,Shelby County,AL,359,1117,308,44,7,0,0,0,119,58,34,0,0,232,127,0,0,19,497,3.82293762575453
Alabama,Sumter County,AL,361,1119,335,26,0,0,0,0,64,48,32,0,0,183,10,168,0,6,216,2.77777777777778
Alabama,Tuscaloosa County,AL,264,1125,240,24,0,0,0,0,87,50,35,0,0,188,0,76,0,14,720,1.94444444444444
Arizona,Apache County,AZ,359,4001,358,1,0,0,0,0,59,20,10,0,0,0,0,27,332,34,1414,2.4045261669024
Arizona,Cochise County,AZ,365,4003,266,99,0,0,0,0,97,64,45,0,0,327,0,13,25,2,67,2.98507462686567
Arizona,Coconino County,AZ,365,4005,293,72,0,0,0,0,80,58,45,0,0,362,0,3,0,81,1104,7.33695652173913
Arizona,Gila County,AZ,365,4007,145,164,50,6,0,0,187,110,60,0,0,254,104,0,7,2,28,7.14285714285714
Arizona,La Paz County,AZ,364,4012,304,60,0,0,0,0,77,58,44,0,0,360,0,3,1,2,54,3.7037037037037
Arizona,Maricopa County,AZ,365,4013,66,261,38,0,0,0,147,101,65,0,3,215,0,71,76,419,9112,4.59833187006146
Arizona,Mohave County,AZ,364,4015,357,7,0,0,0,0,69,27,13,0,0,0,0,11,353,42,369,11.3821138211382
Arizona,Navajo County,AZ,365,4017,294,70,1,0,0,0,112,58,44,0,0,357,0,0,8,58,1752,3.31050228310502
Arizona,Pima County,AZ,365,4019,225,138,2,0,0,0,103,71,47,0,1,261,0,20,83,185,2234,8.28111011638317
Arizona,Pinal County,AZ,365,4021,123,209,21,2,3,7,886,100,63,0,0,168,0,36,161,39,814,4.79115479115479
Arizona,Santa Cruz County,AZ,362,4023,280,80,2,0,0,0,120,63,31,0,0,0,0,242,120,0,262,0
Arizona,Yavapai County,AZ,356,4025,298,58,0,0,0,0,87,54,43,0,0,356,0,0,0,6,295,2.03389830508475
Arizona,Yuma County,AZ,365,4027,265,97,3,0,0,0,129,67,45,0,0,273,0,42,50,13,929,1.39935414424112
Arkansas,Arkansas County,AR,118,5001,101,17,0,0,0,0,77,53,30,0,0,0,0,118,0,0,4,0
Arkansas,Ashley County,AR,120,5003,103,17,0,0,0,0,67,53,33,0,0,0,0,120,0,0,19,0
Arkansas,Benton County,AR,146,5007,120,26,0,0,0,0,83,56,35,0,0,0,0,146,0,1,468,0.213675213675214
Arkansas,Clark County,AR,355,5019,347,8,0,0,0,0,67,46,32,0,0,355,0,0,0,0,39,0
Arkansas,Craighead County,AR,49,5031,43,6,0,0,0,0,61,53,30,0,0,0,0,49,0,0,206,0
Arkansas,Crittenden County,AR,365,5035,290,74,1,0,0,0,101,57,40,0,8,205,0,152,0,9,341,2.63929618768328
Arkansas,Garland County,AR,121,5051,93,28,0,0,0,0,75,54,38,0,0,0,0,121,0,1,136,0.735294117647059
Arkansas,Jackson County,AR,117,5067,102,15,0,0,0,0,74,54,34,0,0,0,0,117,0,0,1,0
Arkansas,Newton County,AR,365,5101,347,18,0,0,0,0,90,47,36,0,0,361,0,4,0,0,3,0
Arkansas,Polk County,AR,361,5113,312,48,1,0,0,0,119,54,39,0,0,315,0,46,0,0,17,0
Arkansas,Pulaski County,AR,365,5119,235,130,0,0,0,0,79,61,45,0,2,146,0,217,0,34,846,4.01891252955083
Arkansas,Union County,AR,241,5139,196,45,0,0,0,0,98,54,35,0,0,0,0,241,0,8,166,4.81927710843374
Arkansas,Washington County,AR,365,5143,284,81,0,0,0,0,96,58,43,0,0,207,0,158,0,7,410,1.70731707317073
California,Alameda County,CA,365,6001,260,97,8,0,0,0,150,63,41,0,28,175,0,162,0,95,3195,2.97339593114241
California,Amador County,CA,355,6005,308,45,2,0,0,0,115,51,39,0,0,355,0,0,0,0,10,0
California,Butte County,CA,365,6007,224,136,3,2,0,0,173,67,46,0,0,231,0,133,1,0,44,0
California,Calaveras County,CA,360,6009,299,60,1,0,0,0,108,58,42,0,0,322,0,35,3,0,15,0
California,Colusa County,CA,365,6011,294,71,0,0,0,0,83,59,39,0,0,228,0,83,54,0,5,0
California,Contra Costa County,CA,365,6013,289,69,5,2,0,0,200,62,40,0,4,242,3,115,1,37,1404,2.63532763532764
California,Del Norte County,CA,248,6015,236,12,0,0,0,0,71,43,20,0,0,0,0,248,0,0,44,0
California,El Dorado County,CA,365,6017,274,85,6,0,0,0,122,74,43,0,0,356,0,0,9,0,84,0
California,Fresno County,CA,365,6019,139,160,64,2,0,0,187,115,60,0,3,259,0,80,23,35,1703,2.05519671168526
California,Glenn County,CA,362,6021,302,60,0,0,0,0,86,55,40,0,0,277,0,68,17,0,14,0
California,Humboldt County,CA,363,6023,353,10,0,0,0,0,65,40,27,2,1,272,0,50,38,3,98,3.06122448979592
California,Imperial County,CA,365,6025,125,219,19,2,0,0,185,93,58,0,1,210,0,79,75,26,1545,1.68284789644013
California,Inyo County,CA,365,6027,232,121,6,2,1,3,638,84,47,0,0,319,0,13,33,1,19,5.26315789473684
California,Kern County,CA,365,6029,119,151,87,6,1,1,548,122,67,0,2,260,0,73,30,37,2076,1.78227360308285
California,Kings County,CA,365,6031,152,172,37,2,0,2,507,105,56,0,0,190,0,103,72,3,722,0.415512465373961
California,Lake County,CA,360,6033,360,0,0,0,0,0,50,41,31,0,0,356,0,3,1,0,23,0
California,Los Angeles County,CA,365,6037,66,213,57,28,1,0,201,136,71,0,36,197,0,124,8,2290,51562,4.4412551879291
California,Madera County,CA,365,6039,189,163,13,0,0,0,140,84,50,0,0,260,0,66,39,2,104,1.92307692307692
California,Marin County,CA,363,6041,337,25,1,0,0,0,133,48,33,0,15,222,0,126,0,14,436,3.21100917431193
California,Mariposa County,CA,365,6043,221,130,9,5,0,0,176,84,47,0,0,296,0,68,1,1,16,6.25
California,Mendocino County,CA,361,6045,334,27,0,0,0,0,77,47,33,0,0,229,0,120,12,0,30,0
California,Merced County,CA,365,6047,213,145,7,0,0,0,119,79,48,0,0,250,0,113,2,7,283,2.47349823321555
California,Mono County,CA,365,6051,270,80,6,0,0,9,3852,81,27,0,0,0,0,305,60,1,35,2.85714285714286
California,Monterey County,CA,365,6053,330,34,1,0,0,0,144,50,37,2,0,288,0,61,14,8,469,1.70575692963753
California,Napa County,CA,363,6055,330,31,2,0,0,0,119,49,35,2,0,265,0,96,0,3,111,2.7027027027027
California,Nevada County,CA,361,6057,273,83,5,0,0,0,122,71,44,0,0,326,0,35,0,1,41,2.4390243902439
California,Orange County,CA,365,6059,216,133,15,1,0,0,172,87,48,0,13,262,0,83,7,145,5923,2.44808374134729
California,Placer County,CA,365,6061,220,135,10,0,0,0,136,77,48,0,2,307,0,54,2,9,199,4.52261306532663
California,Plumas County,CA,341,6063,248,88,5,0,0,0,138,68,25,0,0,0,0,341,0,0,4,0
California,Riverside County,CA,365,6065,75,170,91,29,0,0,185,147,77,0,0,247,0,70,48,323,7486,4.31472081218274
California,Sacramento County,CA,365,6067,213,142,10,0,0,0,140,84,46,0,1,240,0,116,8,56,1373,4.07865986890022
California,San Benito County,CA,365,6069,326,39,0,0,0,0,90,51,38,0,0,347,0,11,7,2,85,2.35294117647059
California,San Bernardino County,CA,365,6071,55,177,71,54,8,0,213,169,80,0,16,246,0,96,7,199,5034,3.95311879221295
California,San Diego County,CA,365,6073,87,253,23,2,0,0,169,93,64,0,2,176,0,184,3,260,7100,3.66197183098592
California,San Francisco County,CA,365,6075,313,51,1,0,0,0,108,52,36,0,28,172,0,165,0,41,2473,1.6579053780833
California,San Joaquin County,CA,365,6077,229,123,12,1,0,0,190,81,45,0,3,233,0,113,16,34,858,3.96270396270396
California,San Luis Obispo County,CA,365,6079,230,132,3,0,0,0,108,74,46,0,0,282,0,45,38,1,269,0.371747211895911
California,San Mateo County,CA,365,6081,327,36,2,0,0,0,122,51,35,0,21,209,0,135,0,84,2061,4.07569141193595
California,Santa Barbara County,CA,365,6083,286,78,1,0,0,0,105,59,43,0,0,295,0,57,13,12,1636,0.733496332518337
California,Santa Clara County,CA,365,6085,271,90,4,0,0,0,136,66,41,0,7,218,0,139,1,140,2707,5.17177687476912
California,Santa Cruz County,CA,365,6087,347,18,0,0,0,0,70,46,35,0,0,262,0,103,0,2,206,0.970873786407767
California,Shasta County,CA,364,6089,311,53,0,0,0,0,100,54,42,0,0,352,0,10,2,4,37,10.8108108108108
California,Siskiyou County,CA,365,6093,332,29,2,2,0,0,161,49,36,0,0,262,0,103,0,0,7,0
California,Solano County,CA,365,6095,290,74,1,0,0,0,119,59,40,0,2,224,0,139,0,22,517,4.25531914893617
California,Sonoma County,CA,365,6097,346,18,0,1,0,0,154,45,34,0,3,265,0,90,7,4,531,0.753295668549906
California,Stanislaus County,CA,365,6099,201,141,22,1,0,0,177,91,49,0,0,245,0,107,13,28,699,4.00572246065808
California,Sutter County,CA,365,6101,239,124,2,0,0,0,110,71,44,0,0,249,0,109,7,2,42,4.76190476190476
California,Tehama County,CA,365,6103,282,83,0,0,0,0,93,64,41,0,0,323,0,41,1,1,4,25
California,Trinity County,CA,266,6105,243,21,2,0,0,0,113,49,18,0,0,0,0,266,0,0,1,0
California,Tulare County,CA,365,6107,127,157,78,2,1,0,280,122,66,0,2,242,0,98,23,84,1844,4.55531453362256
California,Tuolumne County,CA,358,6109,273,83,2,0,0,0,108,67,43,0,0,358,0,0,0,0,4,0
California,Ventura County,CA,365,6111,214,142,9,0,0,0,126,77,46,0,5,284,0,65,11,32,1062,3.01318267419962
California,Yolo County,CA,365,6113,285,79,1,0,0,0,136,61,41,0,1,279,0,82,3,24,210,11.4285714285714
Colorado,Adams County,CO,365,8001,223,141,1,0,0,0,132,64,47,0,48,150,0,87,80,120,3142,3.81922342457034
Colorado,Alamosa County,CO,48,8003,48,0,0,0,0,0,18,15,9,0,0,0,0,48,0,2,65,3.07692307692308
Colorado,Arapahoe County,CO,365,8005,227,132,6,0,0,0,140,80,46,0,0,352,0,13,0,304,4254,7.14621532675129
Colorado,Archuleta County,CO,363,8007,331,30,2,0,0,0,124,50,31,0,3,186,0,0,174,0,8,0
Colorado,Boulder County,CO,365,8013,227,133,5,0,0,0,119,74,47,0,0,269,0,96,0,63,964,6.53526970954357
Colorado,Clear Creek County,CO,290,8019,205,84,1,0,0,0,112,67,46,0,0,290,0,0,0,1,16,6.25
Colorado,Delta County,CO,365,8029,339,26,0,0,0,0,80,50,41,0,0,346,0,19,0,1,68,1.47058823529412
Colorado,Denver County,CO,365,8031,179,183,2,1,0,0,153,74,51,0,116,151,1,97,0,326,5569,5.85383372239181
Colorado,Douglas County,CO,361,8035,236,114,10,1,0,0,154,77,46,0,0,304,0,57,0,45,705,6.38297872340426
Colorado,El Paso County,CO,365,8041,259,106,0,0,0,0,100,67,45,0,0,345,0,18,2,88,1674,5.25686977299881
Colorado,Fremont County,CO,32,8043,32,0,0,0,0,0,29,23,13,0,0,0,0,0,32,0,26,0
Colorado,Garfield County,CO,365,8045,309,56,0,0,0,0,97,54,44,0,0,363,0,2,0,2,137,1.45985401459854
Colorado,Gilpin County,CO,143,8047,117,25,1,0,0,0,115,58,45,0,0,143,0,0,0,0,3,0
Colorado,Gunnison County,CO,358,8051,279,78,1,0,0,0,101,61,45,0,0,358,0,0,0,6,177,3.38983050847458
Colorado,Jackson County,CO,46,8057,46,0,0,0,0,0,14,11,6,0,0,0,0,46,0,0,0,#DIV/0!
Colorado,Jefferson County,CO,365,8059,238,111,16,0,0,0,129,87,46,0,2,363,0,0,0,169,2171,7.78443113772455
Colorado,La Plata County,CO,365,8067,276,89,0,0,0,0,87,61,44,0,10,326,0,29,0,1,80,1.25
Colorado,Larimer County,CO,365,8069,208,151,6,0,0,0,129,77,48,0,0,337,0,28,0,27,570,4.73684210526316
Colorado,Mesa County,CO,364,8077,289,75,0,0,0,0,87,58,44,2,0,309,0,51,2,0,54,0
Colorado,Montezuma County,CO,365,8083,280,85,0,0,0,0,97,61,46,0,0,365,0,0,0,3,39,7.69230769230769
Colorado,Pitkin County,CO,117,8097,117,0,0,0,0,0,46,19,10,0,0,0,0,7,110,2,57,3.50877192982456
Colorado,Prowers County,CO,346,8099,343,3,0,0,0,0,76,28,14,0,0,0,0,0,346,0,13,0
Colorado,Pueblo County,CO,126,8101,125,1,0,0,0,0,68,31,20,0,0,0,0,75,51,16,281,5.69395017793594
Colorado,Rio Blanco County,CO,365,8103,311,54,0,0,0,0,100,54,44,0,0,321,0,44,0,0,1,0
Colorado,Routt County,CO,356,8107,353,2,1,0,0,0,137,27,13,0,0,0,0,0,356,6,61,9.83606557377049
Colorado,San Juan County,CO,55,8111,55,0,0,0,0,0,24,12,5,0,0,0,0,55,0,0,1,0
Colorado,San Miguel County,CO,113,8113,112,1,0,0,0,0,54,22,11,0,0,0,0,0,113,0,23,0
Colorado,Weld County,CO,365,8123,252,110,3,0,0,0,125,69,45,0,0,236,0,129,0,130,2472,5.2588996763754
Connecticut,Fairfield County,CT,365,9001,262,82,18,3,0,0,161,77,43,0,9,186,0,169,1,1257,15409,8.15757025115192
Connecticut,Hartford County,CT,365,9003,301,59,5,0,0,0,122,55,39,0,26,240,0,98,1,1222,10146,12.0441553321506
Connecticut,Litchfield County,CT,365,9005,342,23,0,0,0,0,97,48,37,0,0,339,0,26,0,130,1375,9.45454545454546
Connecticut,Middlesex County,CT,205,9007,175,23,6,1,0,0,154,61,41,0,0,205,0,0,0,146,1090,13.394495412844
Connecticut,New Haven County,CT,365,9009,280,71,12,2,0,0,159,67,41,0,15,247,0,99,4,957,11241,8.51347744862557
Connecticut,New London County,CT,364,9011,323,34,7,0,0,0,129,52,37,0,0,200,0,164,0,85,1068,7.95880149812734
Connecticut,Tolland County,CT,212,9013,187,20,5,0,0,0,126,54,42,0,0,212,0,0,0,57,827,6.89238210399033
Connecticut,Windham County,CT,360,9015,344,15,1,0,0,0,105,46,36,0,0,360,0,0,0,14,380,3.68421052631579
Delaware,Kent County,DE,365,10001,293,72,0,0,0,0,83,58,42,0,0,273,0,92,0,62,1401,4.42541042112777
Delaware,New Castle County,DE,365,10003,259,103,3,0,0,0,136,68,43,0,7,253,0,105,0,163,3629,4.49159548084872
Delaware,Sussex County,DE,365,10005,299,66,0,0,0,0,93,58,42,0,0,279,0,86,0,131,4155,3.15282791817088
Florida,Alachua County,FL,364,12001,329,35,0,0,0,0,80,50,35,0,0,273,0,91,0,7,378,1.85185185185185
Florida,Baker County,FL,361,12003,341,20,0,0,0,0,77,48,33,0,0,361,0,0,0,3,28,10.7142857142857
Florida,Bay County,FL,357,12005,308,49,0,0,0,0,85,54,38,0,0,235,0,122,0,3,98,3.06122448979592
Florida,Brevard County,FL,351,12009,336,15,0,0,0,0,90,46,36,0,0,306,0,45,0,12,409,2.93398533007335
Florida,Broward County,FL,363,12011,303,60,0,0,0,0,90,54,40,2,9,165,0,187,0,308,6975,4.415770609319
Florida,Citrus County,FL,365,12017,337,28,0,0,0,0,80,48,30,0,0,0,12,353,0,12,120,10
Florida,Collier County,FL,362,12021,331,31,0,0,0,0,90,50,34,0,0,197,0,165,0,49,1454,3.37001375515818
Florida,Columbia County,FL,363,12023,294,69,0,0,0,0,90,58,38,0,0,207,0,156,0,2,140,1.42857142857143
Florida,Duval County,FL,361,12031,248,112,1,0,0,0,114,64,43,0,0,174,0,187,0,47,1561,3.01089045483664
Florida,Escambia County,FL,365,12033,290,74,1,0,0,0,101,57,40,0,0,271,0,94,0,33,791,4.17193426042984
Florida,Flagler County,FL,270,12035,265,5,0,0,0,0,74,45,34,0,0,270,0,0,0,4,182,2.1978021978022
Florida,Hamilton County,FL,349,12047,313,36,0,0,0,0,79,51,31,0,0,0,33,316,0,0,221,0
Florida,Highlands County,FL,233,12055,224,9,0,0,0,0,84,46,36,0,0,233,0,0,0,9,120,7.5
Florida,Hillsborough County,FL,365,12057,281,78,6,0,0,0,132,64,42,0,0,211,4,150,0,79,2069,3.81826969550507
Florida,Holmes County,FL,362,12059,289,73,0,0,0,0,84,56,40,0,0,203,0,159,0,0,19,0
Florida,Indian River County,FL,335,12061,324,11,0,0,0,0,90,47,36,0,0,335,0,0,0,9,122,7.37704918032787
Florida,Lake County,FL,330,12069,301,28,1,0,0,0,101,50,35,0,0,330,0,0,0,15,291,5.15463917525773
Florida,Lee County,FL,365,12071,328,36,1,0,0,0,108,51,36,0,0,251,0,110,4,101,1847,5.46832701678397
Florida,Leon County,FL,360,12073,275,84,1,0,0,0,119,58,38,0,0,168,0,192,0,6,401,1.49625935162095
Florida,Liberty County,FL,351,12077,339,12,0,0,0,0,74,45,33,0,0,351,0,0,0,0,213,0
Florida,Manatee County,FL,365,12081,333,30,2,0,0,0,108,49,36,0,0,365,0,0,0,96,1022,9.39334637964775
Florida,Marion County,FL,365,12083,311,54,0,0,0,0,87,54,38,0,0,236,0,129,0,6,243,2.46913580246914
Florida,Martin County,FL,352,12085,323,29,0,0,0,0,84,49,35,0,0,235,0,117,0,9,601,1.49750415973378
Florida,Miami-Dade County,FL,361,12086,315,44,2,0,0,0,146,52,38,1,23,150,0,186,1,685,17641,3.88299982994161
Florida,Nassau County,FL,351,12089,326,25,0,0,0,0,71,46,28,0,0,0,97,254,0,1,74,1.35135135135135
Florida,Okaloosa County,FL,363,12091,335,28,0,0,0,0,84,48,36,0,0,342,0,0,21,6,207,2.89855072463768
Florida,Orange County,FL,360,12095,321,39,0,0,0,0,93,51,36,1,1,300,0,58,0,41,1945,2.10796915167095
Florida,Osceola County,FL,364,12097,338,22,4,0,0,0,122,48,34,0,0,364,0,0,0,19,688,2.76162790697674
Florida,Palm Beach County,FL,357,12099,321,36,0,0,0,0,93,51,35,0,0,218,0,137,2,335,5765,5.81092801387684
Florida,Pasco County,FL,365,12101,336,29,0,0,0,0,97,49,36,0,0,365,0,0,0,13,377,3.44827586206897
Florida,Pinellas County,FL,365,12103,296,69,0,0,0,0,100,59,40,0,0,213,0,148,4,82,1238,6.62358642972536
Florida,Polk County,FL,365,12105,314,51,0,0,0,0,100,54,36,0,0,248,2,115,0,55,977,5.62947799385875
Florida,Putnam County,FL,352,12107,347,5,0,0,0,0,54,29,17,0,0,0,6,0,346,5,149,3.35570469798658
Florida,Santa Rosa County,FL,364,12113,307,57,0,0,0,0,93,57,39,0,0,241,0,123,0,9,240,3.75
Florida,Sarasota County,FL,365,12115,323,42,0,0,0,0,100,52,37,0,0,246,0,119,0,77,622,12.379421221865
Florida,Seminole County,FL,365,12117,322,42,1,0,0,0,110,52,37,0,0,297,0,67,1,12,481,2.49480249480249
Florida,St. Lucie County,FL,352,12111,342,10,0,0,0,0,77,46,34,0,0,352,0,0,0,30,449,6.6815144766147
Florida,Volusia County,FL,350,12127,316,34,0,0,0,0,80,50,37,0,0,241,0,109,0,37,725,5.10344827586207
Florida,Wakulla County,FL,363,12129,316,47,0,0,0,0,84,54,35,0,0,257,3,103,0,1,33,3.03030303030303
Georgia,Bibb County,GA,365,13021,278,84,3,0,0,0,137,61,38,0,0,158,3,204,0,27,451,5.98669623059867
Georgia,Charlton County,GA,43,13049,42,1,0,0,0,0,52,36,21,0,0,0,0,43,0,1,32,3.125
Georgia,Chatham County,GA,365,13051,295,70,0,0,0,0,87,56,39,0,0,146,58,161,0,24,491,4.88798370672098
Georgia,Chattooga County,GA,244,13055,231,13,0,0,0,0,71,48,40,0,0,244,0,0,0,2,24,8.33333333333333
Georgia,Clarke County,GA,365,13059,245,120,0,0,0,0,87,61,44,0,0,136,0,229,0,13,279,4.6594982078853
Georgia,Clayton County,GA,119,13063,98,21,0,0,0,0,70,54,36,0,0,0,0,119,0,45,1215,3.7037037037037
Georgia,Cobb County,GA,282,13067,224,57,1,0,0,0,119,60,42,0,0,210,0,72,0,171,2990,5.7190635451505
Georgia,Coffee County,GA,121,13069,107,14,0,0,0,0,66,52,26,0,0,0,0,121,0,15,265,5.66037735849057
Georgia,Columbia County,GA,245,13073,229,16,0,0,0,0,74,49,39,0,0,245,0,0,0,7,248,2.82258064516129
Georgia,Dawson County,GA,244,13085,225,18,1,0,0,0,126,48,37,0,0,244,0,0,0,1,109,0.91743119266055
Georgia,DeKalb County,GA,365,13089,251,110,3,1,0,0,159,64,44,0,34,156,0,175,0,112,3718,3.01237224314147
Georgia,Dougherty County,GA,356,13095,236,118,2,0,0,0,107,63,40,0,0,0,0,356,0,145,1768,8.20135746606335
Georgia,Douglas County,GA,245,13097,212,28,5,0,0,0,126,58,40,0,0,245,0,0,0,25,538,4.64684014869888
Georgia,Floyd County,GA,365,13115,217,148,0,0,0,0,89,62,44,0,0,0,5,360,0,15,260,5.76923076923077
Georgia,Fulton County,GA,365,13121,194,164,6,1,0,0,172,74,48,0,21,130,0,214,0,230,4495,5.11679644048943
Georgia,Glynn County,GA,279,13127,254,25,0,0,0,0,80,50,36,0,0,224,0,55,0,1,115,0.869565217391304
Georgia,Gwinnett County,GA,355,13135,221,132,2,0,0,0,112,69,45,0,0,152,0,203,0,127,3734,3.40117836100696
Georgia,Hall County,GA,340,13139,259,81,0,0,0,0,88,57,37,0,0,0,0,340,0,47,2465,1.90669371196755
Georgia,Henry County,GA,363,13151,283,73,7,0,0,0,150,59,37,0,0,166,0,197,0,22,686,3.2069970845481
Georgia,Houston County,GA,354,13153,246,106,1,1,0,0,152,61,38,0,0,0,0,354,0,17,364,4.67032967032967
Georgia,Lowndes County,GA,309,13185,255,54,0,0,0,0,68,55,35,0,0,0,0,309,0,4,298,1.34228187919463
Georgia,Murray County,GA,250,13213,211,39,0,0,0,0,93,54,43,0,0,240,0,10,0,1,86,1.16279069767442
Georgia,Muscogee County,GA,364,13215,274,90,0,0,0,0,90,58,40,0,0,149,0,215,0,17,602,2.82392026578073
Georgia,Pike County,GA,353,13231,307,43,3,0,0,0,147,58,37,0,0,353,0,0,0,2,54,3.7037037037037
Georgia,Richmond County,GA,364,13245,231,131,2,0,0,0,101,64,45,0,0,127,16,203,18,22,595,3.69747899159664
Georgia,Rockdale County,GA,241,13247,186,50,5,0,0,0,129,67,43,0,0,241,0,0,0,8,284,2.8169014084507
Georgia,Sumter County,GA,238,13261,211,27,0,0,0,0,97,54,39,0,0,238,0,0,0,43,476,9.03361344537815
Georgia,Walker County,GA,356,13295,269,87,0,0,0,0,82,57,37,0,0,0,0,356,0,0,139,0
Georgia,Washington County,GA,211,13303,176,34,1,0,0,0,116,54,29,0,0,0,0,211,0,1,74,1.35135135135135
Hawaii,Hawaii County,HI,365,15001,357,8,0,0,0,0,79,29,16,0,0,0,52,313,0,0,82,0
Hawaii,Honolulu County,HI,365,15003,339,26,0,0,0,0,94,46,29,1,3,262,65,33,1,11,419,2.62529832935561
Hawaii,Kauai County,HI,365,15007,363,2,0,0,0,0,71,27,13,0,144,0,3,218,0,0,20,0
Hawaii,Maui County,HI,362,15009,347,11,3,1,0,0,166,30,15,0,0,0,0,362,0,6,118,5.08474576271187
Idaho,Ada County,ID,365,16001,317,48,0,0,0,0,100,53,38,0,8,240,0,112,5,22,803,2.73972602739726
Idaho,Bannock County,ID,365,16005,344,21,0,0,0,0,96,46,27,0,0,0,155,137,73,0,24,0
Idaho,Benewah County,ID,364,16009,242,111,9,2,0,0,154,74,37,0,0,0,0,364,0,0,9,0
Idaho,Blaine County,ID,314,16013,313,1,0,0,0,0,51,25,15,0,0,0,0,314,0,5,512,0.9765625
Idaho,Boise County,ID,365,16015,290,72,2,1,0,0,165,60,33,0,0,0,0,365,0,0,0,#DIV/0!
Idaho,Bonner County,ID,365,16017,316,48,1,0,0,0,115,55,21,0,0,0,0,272,93,0,4,0
Idaho,Bonneville County,ID,357,16019,342,15,0,0,0,0,63,43,29,0,0,0,0,357,0,0,37,0
Idaho,Butte County,ID,360,16023,347,13,0,0,0,0,71,48,40,0,0,360,0,0,0,0,0,#DIV/0!
Idaho,Canyon County,ID,365,16027,311,54,0,0,0,0,95,54,25,0,0,0,0,274,91,6,294,2.04081632653061
Idaho,Caribou County,ID,330,16029,326,2,2,0,0,0,108,24,6,0,0,0,330,0,0,0,1,0
Idaho,Custer County,ID,39,16037,39,0,0,0,0,0,17,11,3,0,0,0,0,39,0,0,2,0
Idaho,Franklin County,ID,364,16041,333,28,3,0,0,0,112,44,18,0,0,0,0,364,0,0,0,#DIV/0!
Idaho,Idaho County,ID,365,16049,297,68,0,0,0,0,88,55,40,0,0,214,0,151,0,0,3,0
Idaho,Jerome County,ID,353,16053,353,0,0,0,0,0,48,28,15,0,0,0,0,353,0,2,161,1.24223602484472
Idaho,Kootenai County,ID,355,16055,318,37,0,0,0,0,86,51,23,0,0,0,0,355,0,0,67,0
Idaho,Latah County,ID,350,16057,350,0,0,0,0,0,48,26,10,0,0,0,0,350,0,0,7,0
Idaho,Lemhi County,ID,360,16059,269,87,4,0,0,0,133,69,23,0,0,0,0,360,0,0,1,0
Idaho,Nez Perce County,ID,360,16069,309,51,0,0,0,0,89,56,24,0,0,0,0,360,0,19,82,23.1707317073171
Idaho,Shoshone County,ID,365,16079,260,102,3,0,0,0,117,72,29,0,0,0,0,353,12,0,0,#DIV/0!
Idaho,Twin Falls County,ID,365,16083,361,4,0,0,0,0,71,33,19,0,0,0,0,365,0,23,410,5.60975609756098
Idaho,Valley County,ID,357,16085,290,67,0,0,0,0,91,61,22,0,0,0,0,357,0,0,2,0
Illinois,Adams County,IL,241,17001,208,33,0,0,0,0,93,54,41,0,0,241,0,0,0,1,44,2.27272727272727
Illinois,Champaign County,IL,365,17019,281,84,0,0,0,0,100,61,42,0,0,235,0,130,0,7,617,1.13452188006483
Illinois,Clark County,IL,327,17023,314,13,0,0,0,0,74,47,34,0,0,327,0,0,0,0,11,0
Illinois,Cook County,IL,365,17031,150,206,9,0,0,0,133,76,53,0,26,91,0,238,10,3570,76266,4.68098497364487
Illinois,DuPage County,IL,352,17043,257,92,2,1,0,0,174,61,42,0,0,172,0,180,0,362,7543,4.799151531221
Illinois,Effingham County,IL,245,17049,224,21,0,0,0,0,84,50,40,0,0,245,0,0,0,1,7,14.2857142857143
Illinois,Hamilton County,IL,344,17065,269,74,1,0,0,0,105,58,43,0,0,198,0,146,0,0,2,0
Illinois,Jersey County,IL,347,17083,284,61,2,0,0,0,119,58,42,0,0,207,0,140,0,1,20,5
Illinois,Jo Daviess County,IL,363,17085,351,12,0,0,0,0,74,47,34,0,0,363,0,0,0,0,32,0
Illinois,Kane County,IL,284,17089,229,51,4,0,0,0,112,63,40,0,0,226,0,58,0,170,6188,2.74725274725275
Illinois,Lake County,IL,245,17097,210,33,2,0,0,0,115,58,40,0,0,245,0,0,0,287,8063,3.55946918020588
Illinois,Macon County,IL,365,17115,255,110,0,0,0,0,93,61,44,0,0,148,30,187,0,19,195,9.74358974358974
Illinois,Macoupin County,IL,365,17117,348,17,0,0,0,0,87,47,33,0,101,245,19,0,0,2,45,4.44444444444444
Illinois,Madison County,IL,365,17119,192,170,1,2,0,0,156,71,49,0,0,186,2,174,3,58,565,10.2654867256637
Illinois,McHenry County,IL,340,17111,230,108,2,0,0,0,126,61,44,0,0,142,0,198,0,71,1514,4.68956406869221
Illinois,McLean County,IL,364,17113,256,108,0,0,0,0,100,61,44,0,0,174,0,190,0,13,217,5.99078341013825
Illinois,Monroe County,IL,286,17133,286,0,0,0,0,0,33,6,1,0,0,0,286,0,0,11,94,11.7021276595745
Illinois,Peoria County,IL,364,17143,284,78,2,0,0,0,101,58,41,0,0,203,0,161,0,8,212,3.77358490566038
Illinois,Randolph County,IL,324,17157,264,60,0,0,0,0,97,54,40,0,0,209,0,115,0,4,267,1.49812734082397
Illinois,Rock Island County,IL,361,17161,281,78,2,0,0,0,115,59,42,0,0,186,0,175,0,24,646,3.71517027863777
Illinois,Sangamon County,IL,360,17167,287,73,0,0,0,0,87,58,40,0,0,183,0,177,0,29,346,8.38150289017341
Illinois,Tazewell County,IL,346,17179,346,0,0,0,0,0,36,9,1,0,0,0,346,0,0,4,71,5.63380281690141
Illinois,Wabash County,IL,364,17185,361,3,0,0,0,0,82,10,1,0,0,0,364,0,0,0,2,0
Illinois,Will County,IL,365,17197,260,105,0,0,0,0,84,62,43,0,0,140,0,225,0,269,5442,4.94303564865858
Illinois,Winnebago County,IL,341,17201,240,100,1,0,0,0,102,61,42,0,0,147,0,194,0,54,2156,2.50463821892393
Indiana,Allen County,IN,365,18003,262,102,1,0,0,0,101,61,43,0,0,218,0,147,0,68,1451,4.68642315644383
Indiana,Bartholomew County,IN,364,18005,298,66,0,0,0,0,77,54,41,0,0,268,0,96,0,34,500,6.8
Indiana,Boone County,IN,351,18011,320,31,0,0,0,0,90,50,35,0,0,351,0,0,0,35,309,11.326860841424
Indiana,Brown County,IN,365,18013,349,16,0,0,0,0,74,47,35,0,0,365,0,0,0,1,33,3.03030303030303
Indiana,Carroll County,IN,358,18015,333,25,0,0,0,0,84,49,35,0,0,358,0,0,0,2,92,2.17391304347826
Indiana,Clark County,IN,365,18019,287,77,1,0,0,0,101,59,41,0,0,246,0,119,0,41,492,8.33333333333333
Indiana,Daviess County,IN,350,18027,350,0,0,0,0,0,19,7,1,0,0,0,350,0,0,16,85,18.8235294117647
Indiana,Delaware County,IN,352,18035,319,33,0,0,0,0,71,49,35,0,0,303,0,49,0,36,377,9.54907161803713
Indiana,Dubois County,IN,120,18037,102,18,0,0,0,0,70,54,33,0,0,0,0,119,1,3,192,1.5625
Indiana,Elkhart County,IN,365,18039,294,71,0,0,0,0,81,55,37,0,0,231,0,134,0,28,1163,2.40756663800516
Indiana,Floyd County,IN,363,18043,338,25,0,0,0,0,87,48,35,0,0,360,3,0,0,39,318,12.2641509433962
Indiana,Gibson County,IN,359,18051,355,4,0,0,0,0,84,17,3,0,0,0,359,0,0,2,14,14.2857142857143
Indiana,Greene County,IN,355,18055,318,37,0,0,0,0,87,51,39,0,0,315,0,40,0,24,168,14.2857142857143
Indiana,Hamilton County,IN,365,18057,268,95,2,0,0,0,119,61,41,0,0,217,0,148,0,93,1156,8.04498269896194
Indiana,Hendricks County,IN,361,18063,348,13,0,0,0,0,93,47,34,0,0,361,0,0,0,71,1161,6.11541774332472
Indiana,Henry County,IN,119,18065,106,13,0,0,0,0,63,52,28,0,0,0,0,119,0,10,169,5.91715976331361
Indiana,Howard County,IN,361,18067,289,71,1,0,0,0,108,58,40,0,0,238,0,123,0,26,395,6.58227848101266
Indiana,Huntington County,IN,355,18069,345,10,0,0,0,0,84,44,31,0,0,355,0,0,0,2,27,7.40740740740741
Indiana,Jackson County,IN,360,18071,340,20,0,0,0,0,80,47,35,0,0,360,0,0,0,1,379,0.263852242744063
Indiana,Knox County,IN,359,18083,328,31,0,0,0,0,87,50,36,0,0,359,0,0,0,0,29,0
Indiana,LaPorte County,IN,364,18091,305,55,4,0,0,0,126,61,37,0,0,331,0,33,0,23,424,5.42452830188679
Indiana,Lake County,IN,365,18089,225,139,1,0,0,0,101,70,45,0,3,149,5,204,4,185,3538,5.22894290559638
Indiana,Madison County,IN,365,18095,286,78,1,0,0,0,101,58,41,0,0,226,0,139,0,59,585,10.0854700854701
Indiana,Marion County,IN,365,18097,153,208,4,0,0,0,112,72,53,0,0,110,0,255,0,571,9616,5.93801996672213
Indiana,Monroe County,IN,346,18105,296,50,0,0,0,0,69,53,33,0,0,0,0,346,0,12,166,7.2289156626506
Indiana,Morgan County,IN,364,18109,341,23,0,0,0,0,87,48,35,0,0,358,6,0,0,24,278,8.63309352517986
Indiana,Perry County,IN,358,18123,322,36,0,0,0,0,80,51,37,0,0,358,0,0,0,0,31,0
Indiana,Pike County,IN,227,18125,227,0,0,0,0,0,46,6,1,0,0,0,227,0,0,0,6,0
Indiana,Porter County,IN,365,18127,264,93,8,0,0,0,122,64,41,0,0,204,27,118,16,27,516,5.23255813953488
Indiana,Posey County,IN,364,18129,341,23,0,0,0,0,80,49,35,0,0,364,0,0,0,0,16,0
Indiana,Shelby County,IN,365,18145,338,27,0,0,0,0,84,49,36,0,0,365,0,0,0,22,368,5.97826086956522
Indiana,Spencer County,IN,117,18147,101,16,0,0,0,0,73,53,31,0,0,0,0,117,0,1,19,5.26315789473684
Indiana,St. Joseph County,IN,365,18141,276,89,0,0,0,0,100,62,41,0,1,227,0,137,0,34,1248,2.72435897435897
Indiana,Sullivan County,IN,116,18153,99,17,0,0,0,0,78,52,31,0,0,0,0,116,0,1,34,2.94117647058823
Indiana,Tippecanoe County,IN,351,18157,284,67,0,0,0,0,75,55,33,0,0,0,0,351,0,3,390,0.769230769230769
Indiana,Vanderburgh County,IN,365,18163,296,69,0,0,0,0,90,55,41,0,1,220,0,144,0,2,265,0.754716981132076
Indiana,Vigo County,IN,365,18167,238,126,1,0,0,0,102,64,45,0,0,184,0,181,0,8,164,4.87804878048781
Indiana,Wabash County,IN,351,18169,319,32,0,0,0,0,97,50,37,0,0,351,0,0,0,2,76,2.63157894736842
Indiana,Warrick County,IN,365,18173,337,28,0,0,0,0,93,50,36,0,0,365,0,0,0,28,166,16.8674698795181
Indiana,Whitley County,IN,352,18183,285,67,0,0,0,0,90,55,33,0,0,0,0,352,0,3,39,7.69230769230769
Iowa,Black Hawk County,IA,363,19013,296,67,0,0,0,0,83,58,31,0,0,0,0,363,0,44,1727,2.54777070063694
Iowa,Bremer County,IA,243,19017,228,15,0,0,0,0,90,46,37,0,0,243,0,0,0,6,69,8.69565217391304
Iowa,Cerro Gordo County,IA,118,19033,118,0,0,0,0,0,38,27,15,0,0,0,0,0,118,1,27,3.7037037037037
Iowa,Clinton County,IA,364,19045,268,96,0,0,0,0,89,61,42,0,0,155,0,209,0,1,60,1.66666666666667
Iowa,Harrison County,IA,241,19085,222,19,0,0,0,0,97,50,38,0,0,241,0,0,0,0,21,0
Iowa,Johnson County,IA,364,19103,278,86,0,0,0,0,91,60,35,0,0,0,0,364,0,8,608,1.31578947368421
Iowa,Lee County,IA,120,19111,101,19,0,0,0,0,70,58,29,0,0,0,0,120,0,0,24,0
Iowa,Linn County,IA,365,19113,287,78,0,0,0,0,84,60,39,0,0,175,4,186,0,76,943,8.0593849416755
Iowa,Montgomery County,IA,364,19137,313,51,0,0,0,0,77,53,37,0,0,204,0,160,0,0,6,0
Iowa,Muscatine County,IA,365,19139,300,65,0,0,0,0,92,57,32,0,0,0,10,354,1,41,553,7.41410488245931
Iowa,Palo Alto County,IA,364,19147,305,59,0,0,0,0,93,55,38,0,0,187,0,177,0,0,3,0
Iowa,Polk County,IA,365,19153,306,59,0,0,0,0,100,55,39,0,3,246,0,116,0,123,4024,3.05666003976143
Iowa,Pottawattamie County,IA,130,19155,111,19,0,0,0,0,70,53,29,0,0,0,0,112,18,8,235,3.40425531914894
Iowa,Scott County,IA,365,19163,222,141,2,0,0,0,112,67,45,0,0,125,0,154,86,10,356,2.80898876404494
Iowa,Van Buren County,IA,361,19177,310,51,0,0,0,0,97,54,37,0,1,192,0,167,1,0,9,0
Iowa,Woodbury County,IA,118,19193,105,13,0,0,0,0,81,52,28,0,0,0,0,118,0,33,2686,1.22859270290395
Kansas,Chase County,KS,60,20017,55,4,1,0,0,0,113,50,22,0,0,0,0,60,0,0,4,0
Kansas,Ford County,KS,304,20057,301,3,0,0,0,0,54,31,15,0,0,0,0,0,304,8,1738,0.46029919447641
Kansas,Johnson County,KS,362,20091,336,26,0,0,0,0,77,47,36,0,0,282,0,80,0,62,829,7.4788902291918
Kansas,Leavenworth County,KS,362,20103,347,15,0,0,0,0,97,45,33,0,0,362,0,0,0,7,1079,0.648748841519926
Kansas,Neosho County,KS,365,20133,282,82,1,0,0,0,119,57,40,0,0,184,0,178,3,0,2,0
Kansas,Sedgwick County,KS,365,20173,313,52,0,0,0,0,97,54,39,0,9,297,0,55,4,21,575,3.65217391304348
Kansas,Shawnee County,KS,365,20177,294,70,0,1,0,0,158,58,41,0,0,191,0,174,0,7,291,2.40549828178694
Kansas,Sherman County,KS,358,20181,354,4,0,0,0,0,58,31,12,0,0,0,0,0,358,0,7,0
Kansas,Sumner County,KS,365,20191,317,48,0,0,0,0,97,54,39,0,4,274,0,77,10,1,8,12.5
Kansas,Trego County,KS,364,20195,342,21,0,1,0,0,152,48,36,0,0,299,0,63,2,0,1,0
Kansas,Wyandotte County,KS,365,20209,291,73,1,0,0,0,137,58,41,0,25,198,0,141,1,73,1374,5.31295487627365
Kentucky,Bell County,KY,263,21013,243,20,0,0,0,0,77,49,39,0,0,234,0,29,0,0,1,0
Kentucky,Boone County,KY,239,21015,222,17,0,0,0,0,80,49,39,0,0,239,0,0,0,17,423,4.01891252955083
Kentucky,Boyd County,KY,365,21019,313,52,0,0,0,0,74,53,39,0,11,192,0,160,2,3,39,7.69230769230769
Kentucky,Bullitt County,KY,243,21029,214,29,0,0,0,0,93,51,41,0,0,243,0,0,0,4,111,3.6036036036036
Kentucky,Campbell County,KY,363,21037,299,63,1,0,0,0,108,56,40,0,21,189,1,152,0,11,164,6.70731707317073
Kentucky,Carter County,KY,285,21043,278,7,0,0,0,0,67,46,36,0,0,231,0,53,1,0,9,0
Kentucky,Christian County,KY,278,21047,251,27,0,0,0,0,77,50,39,0,0,215,0,63,0,3,109,2.75229357798165
Kentucky,Daviess County,KY,364,21059,282,81,1,0,0,0,101,60,43,0,1,192,4,167,0,6,316,1.89873417721519
Kentucky,Edmonson County,KY,365,21061,290,75,0,0,0,0,77,56,41,0,0,231,0,134,0,9,56,16.0714285714286
Kentucky,Fayette County,KY,364,21067,307,57,0,0,0,0,80,54,42,0,12,182,0,170,0,13,702,1.85185185185185
Kentucky,Greenup County,KY,362,21089,357,5,0,0,0,0,58,44,31,0,0,242,120,0,0,0,14,0
Kentucky,Hancock County,KY,245,21091,208,37,0,0,0,0,84,54,42,0,0,245,0,0,0,0,7,0
Kentucky,Hardin County,KY,363,21093,318,45,0,0,0,0,71,53,39,0,0,182,0,181,0,2,100,2
Kentucky,Henderson County,KY,363,21101,310,43,10,0,0,0,120,55,3,0,0,0,317,46,0,3,106,2.83018867924528
Kentucky,Jefferson County,KY,365,21111,200,163,2,0,0,0,136,70,49,0,10,164,0,191,0,145,2329,6.22584800343495
Kentucky,Jessamine County,KY,364,21113,340,24,0,0,0,0,67,49,35,0,0,245,119,0,0,0,57,0
Kentucky,Livingston County,KY,261,21139,237,24,0,0,0,0,77,50,41,0,0,242,0,0,19,0,9,0
Kentucky,McCracken County,KY,361,21145,260,101,0,0,0,0,97,59,44,0,2,161,0,197,1,2,95,2.10526315789474
Kentucky,Morgan County,KY,356,21175,341,15,0,0,0,0,80,47,36,0,0,356,0,0,0,0,1,0
Kentucky,Oldham County,KY,242,21185,203,38,1,0,0,0,105,58,42,0,0,242,0,0,0,5,74,6.75675675675676
Kentucky,Perry County,KY,353,21193,306,47,0,0,0,0,87,53,39,0,0,181,0,172,0,0,19,0
Kentucky,Pike County,KY,361,21195,341,20,0,0,0,0,67,48,36,0,0,184,0,177,0,2,29,6.89655172413793
Kentucky,Pulaski County,KY,282,21199,267,15,0,0,0,0,63,49,40,0,0,223,0,59,0,2,56,3.57142857142857
Kentucky,Simpson County,KY,244,21213,222,22,0,0,0,0,67,50,40,0,0,244,0,0,0,3,51,5.88235294117647
Kentucky,Trigg County,KY,353,21221,328,25,0,0,0,0,87,49,37,0,0,353,0,0,0,0,10,0
Kentucky,Warren County,KY,348,21227,295,53,0,0,0,0,73,54,40,0,0,170,0,178,0,6,995,0.603015075376884
Kentucky,Washington County,KY,364,21229,331,33,0,0,0,0,80,50,39,0,0,364,0,0,0,0,6,0
Maine,Androscoggin County,ME,361,23001,345,16,0,0,0,0,72,44,31,0,0,199,0,159,3,2,269,0.743494423791822
Maine,Aroostook County,ME,365,23003,340,23,1,1,0,0,174,47,34,0,0,264,0,100,1,1,10,10
Maine,Cumberland County,ME,365,23005,314,51,0,0,0,0,100,54,39,0,0,169,0,192,4,47,1117,4.20769919427037
Maine,Hancock County,ME,365,23009,347,17,1,0,0,0,105,48,36,2,0,343,0,19,1,1,11,9.09090909090909
Maine,Kennebec County,ME,361,23011,356,5,0,0,0,0,67,44,28,0,129,211,0,21,0,9,128,7.03125
Maine,Knox County,ME,213,23013,204,9,0,0,0,0,84,47,36,0,0,213,0,0,0,0,20,0
Maine,Oxford County,ME,334,23017,323,11,0,0,0,0,68,44,30,0,0,175,0,159,0,0,32,0
Maine,Penobscot County,ME,361,23019,348,13,0,0,0,0,72,45,31,0,0,207,0,146,8,1,100,1
Maine,Washington County,ME,363,23029,360,3,0,0,0,0,71,45,34,0,0,363,0,0,0,0,2,0
Maine,York County,ME,231,23031,216,14,1,0,0,0,115,48,38,0,0,231,0,0,0,9,373,2.41286863270777
Maryland,Allegany County,MD,365,24001,332,21,11,1,0,0,152,43,1,0,0,0,365,0,0,16,177,9.03954802259887
Maryland,Anne Arundel County,MD,355,24003,270,78,7,0,0,0,143,67,41,0,0,242,95,0,18,158,3643,4.33708482020313
Maryland,Baltimore County,MD,365,24005,263,93,9,0,0,0,150,71,43,0,20,266,1,78,0,320,5819,5.49922667124936
Maryland,Calvert County,MD,232,24009,214,18,0,0,0,0,71,49,39,0,0,232,0,0,0,16,329,4.86322188449848
Maryland,Carroll County,MD,241,24013,205,35,1,0,0,0,101,54,43,0,0,241,0,0,0,83,861,9.63995354239257
Maryland,Cecil County,MD,361,24015,290,68,3,0,0,0,150,58,39,0,0,228,0,133,0,22,364,6.04395604395604
Maryland,Charles County,MD,221,24017,202,19,0,0,0,0,77,50,40,0,0,221,0,0,0,71,1056,6.72348484848485
Maryland,Dorchester County,MD,365,24019,304,58,3,0,0,0,126,55,41,0,0,329,0,36,0,3,140,2.14285714285714
Maryland,Frederick County,MD,243,24021,198,44,1,0,0,0,112,58,44,0,0,243,0,0,0,98,1856,5.2801724137931
Maryland,Garrett County,MD,365,24023,345,20,0,0,0,0,71,49,37,2,0,270,0,93,0,0,10,0
Maryland,Harford County,MD,359,24025,261,89,9,0,0,0,133,71,44,0,0,231,0,128,0,46,854,5.3864168618267
Maryland,Howard County,MD,365,24027,319,46,0,0,0,0,79,52,30,0,129,0,0,236,0,54,1868,2.89079229122056
Maryland,Kent County,MD,360,24029,298,61,1,0,0,0,101,58,40,0,0,233,0,127,0,17,167,10.1796407185629
Maryland,Montgomery County,MD,361,24031,313,48,0,0,0,0,86,52,39,0,0,220,0,141,0,555,11035,5.02945174444948
Maryland,Prince George's County,MD,365,24033,268,91,6,0,0,0,122,64,43,0,2,294,0,69,0,506,14773,3.42516753536858
Maryland,Washington County,MD,360,24043,313,47,0,0,0,0,92,54,40,0,0,214,0,146,0,13,441,2.94784580498866
Massachusetts,Barnstable County,MA,359,25001,348,11,0,0,0,0,93,45,36,0,0,357,0,2,0,116,1303,8.9025326170376
Massachusetts,Berkshire County,MA,364,25003,320,44,0,0,0,0,87,52,37,0,0,247,0,117,0,40,544,7.35294117647059
Massachusetts,Bristol County,MA,364,25005,323,41,0,0,0,0,97,51,40,0,0,296,0,68,0,404,6930,5.82972582972583
Massachusetts,Dukes County,MA,352,25007,331,17,4,0,0,0,126,48,38,0,0,344,0,8,0,0,26,0
Massachusetts,Essex County,MA,364,25009,329,34,1,0,0,0,122,49,37,0,7,287,0,70,0,906,13994,6.4742032299557
Massachusetts,Franklin County,MA,364,25011,326,38,0,0,0,0,87,51,37,0,0,251,0,113,0,47,319,14.7335423197492
Massachusetts,Hampden County,MA,364,25013,308,56,0,0,0,0,93,53,39,0,11,237,0,116,0,569,5942,9.57590037024571
Massachusetts,Hampshire County,MA,364,25015,332,32,0,0,0,0,93,49,38,0,1,288,0,75,0,86,853,10.0820633059789
Massachusetts,Middlesex County,MA,364,25017,337,27,0,0,0,0,80,48,37,0,17,250,0,97,0,1583,20972,7.54815945069617
Massachusetts,Norfolk County,MA,362,25021,352,10,0,0,0,0,100,44,34,0,13,349,0,0,0,811,7959,10.1897223269255
Massachusetts,Plymouth County,MA,363,25023,336,27,0,0,0,0,90,48,37,0,0,274,0,89,0,542,7766,6.97913984032964
Massachusetts,Suffolk County,MA,365,25025,310,55,0,0,0,0,87,53,38,1,41,136,0,187,0,861,17786,4.84088609018329
Massachusetts,Worcester County,MA,365,25027,314,51,0,0,0,0,93,54,40,1,12,221,0,131,0,746,10816,6.89718934911243
Michigan,Allegan County,MI,276,26005,227,45,4,0,0,0,115,61,38,0,0,241,0,35,0,6,216,2.77777777777778
Michigan,Bay County,MI,316,26017,288,28,0,0,0,0,83,46,26,0,0,0,0,316,0,22,302,7.28476821192053
Michigan,Benzie County,MI,247,26019,232,15,0,0,0,0,93,46,36,0,0,247,0,0,0,0,4,0
Michigan,Berrien County,MI,260,26021,232,26,2,0,0,0,112,51,39,0,0,260,0,0,0,49,613,7.99347471451876
Michigan,Cass County,MI,255,26027,229,26,0,0,0,0,90,51,39,0,0,255,0,0,0,3,80,3.75
Michigan,Chippewa County,MI,58,26033,53,5,0,0,0,0,62,49,32,0,0,0,0,58,0,0,2,0
Michigan,Clinton County,MI,248,26037,243,5,0,0,0,0,67,46,35,0,0,248,0,0,0,10,139,7.19424460431655
Michigan,Genesee County,MI,340,26049,282,58,0,0,0,0,74,56,38,0,0,194,0,146,0,250,1998,12.5125125125125
Michigan,Huron County,MI,259,26063,250,9,0,0,0,0,90,46,36,0,0,259,0,0,0,1,44,2.27272727272727
Michigan,Ingham County,MI,365,26065,331,34,0,0,0,0,75,49,35,0,9,233,0,123,0,25,734,3.40599455040872
Michigan,Kalamazoo County,MI,362,26077,312,50,0,0,0,0,85,54,38,0,0,200,0,162,0,54,833,6.48259303721489
Michigan,Kent County,MI,365,26081,310,55,0,0,0,0,90,54,36,3,0,257,0,101,4,80,3596,2.22469410456062
Michigan,Keweenaw County,MI,59,26083,59,0,0,0,0,0,25,15,8,0,0,0,0,59,0,0,0,#DIV/0!
Michigan,Lenawee County,MI,358,26091,286,72,0,0,0,0,90,58,39,0,0,192,0,166,0,4,151,2.64900662251656
Michigan,Macomb County,MI,292,26099,251,40,1,0,0,0,101,54,38,0,0,244,0,48,0,793,6616,11.9860943168077
Michigan,Manistee County,MI,269,26101,249,19,1,0,0,0,101,49,35,0,0,241,0,28,0,0,11,0
Michigan,Mason County,MI,254,26105,244,10,0,0,0,0,64,46,35,0,0,254,0,0,0,0,32,0
Michigan,Missaukee County,MI,363,26113,334,29,0,0,0,0,71,49,35,0,0,306,0,57,0,1,16,6.25
Michigan,Monroe County,MI,359,26115,355,4,0,0,0,0,76,16,1,0,0,0,299,0,60,19,469,4.05117270788913
Michigan,Muskegon County,MI,262,26121,236,25,1,0,0,0,133,50,38,0,0,262,0,0,0,36,631,5.70522979397781
Michigan,Oakland County,MI,293,26125,246,45,2,0,0,0,122,58,38,0,0,242,0,51,0,975,8311,11.7314402598965
Michigan,Ottawa County,MI,365,26139,313,52,0,0,0,0,100,58,35,0,78,230,8,45,4,33,759,4.34782608695652
Michigan,Schoolcraft County,MI,363,26153,346,17,0,0,0,0,90,45,31,0,0,243,0,120,0,0,4,0
Michigan,St. Clair County,MI,365,26147,275,87,3,0,0,0,108,64,40,0,0,172,65,128,0,39,448,8.70535714285714
Michigan,Tuscola County,MI,355,26157,345,10,0,0,0,0,77,46,33,0,0,355,0,0,0,23,189,12.1693121693122
Michigan,Washtenaw County,MI,365,26161,292,73,0,0,0,0,88,58,40,0,0,241,0,124,0,100,1318,7.58725341426404
Michigan,Wayne County,MI,365,26163,155,200,10,0,0,0,142,77,53,0,7,73,20,253,12,2425,20227,11.9889256933801
Michigan,Wexford County,MI,340,26165,322,18,0,0,0,0,74,46,34,0,0,340,0,0,0,3,11,27.2727272727273
Minnesota,Anoka County,MN,364,27003,315,48,1,0,0,0,122,55,37,2,11,245,0,106,0,67,1324,5.06042296072508
Minnesota,Becker County,MN,360,27005,336,23,1,0,0,0,105,47,28,0,0,183,0,177,0,0,36,0
Minnesota,Beltrami County,MN,352,27007,332,18,1,1,0,0,181,42,20,0,0,0,0,352,0,0,14,0
Minnesota,Carlton County,MN,356,27017,346,10,0,0,0,0,80,44,27,0,0,218,0,138,0,0,73,0
Minnesota,Cass County,MN,350,27021,332,17,1,0,0,0,125,33,13,0,0,0,0,350,0,2,13,15.3846153846154
Minnesota,Cook County,MN,334,27031,325,9,0,0,0,0,78,30,17,0,0,0,0,334,0,0,0,#DIV/0!
Minnesota,Crow Wing County,MN,359,27035,334,24,1,0,0,0,101,45,28,0,0,173,0,186,0,1,64,1.5625
Minnesota,Dakota County,MN,365,27037,306,59,0,0,0,0,89,56,28,0,71,0,1,293,0,51,1230,4.14634146341463
Minnesota,Goodhue County,MN,216,27049,203,13,0,0,0,0,97,48,37,0,0,216,0,0,0,3,62,4.83870967741936
Minnesota,Hennepin County,MN,365,27053,245,120,0,0,0,0,94,62,42,0,12,58,0,175,120,593,7932,7.47604639435199
Minnesota,Lake County,MN,362,27075,342,20,0,0,0,0,81,44,27,0,0,151,0,173,38,0,1,0
Minnesota,Lyon County,MN,362,27083,327,35,0,0,0,0,85,49,32,0,0,204,0,158,0,0,43,0
Minnesota,Mille Lacs County,MN,247,27095,239,8,0,0,0,0,90,44,32,0,0,247,0,0,0,1,19,5.26315789473684
Minnesota,Olmsted County,MN,364,27109,313,51,0,0,0,0,84,55,36,0,0,195,0,169,0,10,594,1.68350168350168
Minnesota,Ramsey County,MN,365,27123,296,69,0,0,0,0,90,59,30,0,0,0,0,327,38,115,2790,4.12186379928315
Minnesota,Scott County,MN,365,27139,314,51,0,0,0,0,93,52,36,0,0,247,0,118,0,2,394,0.507614213197969
Minnesota,Stearns County,MN,344,27145,313,31,0,0,0,0,93,49,32,0,0,211,0,133,0,13,2001,0.64967516241879
Minnesota,Washington County,MN,363,27163,313,48,1,1,0,0,200,55,30,0,0,169,106,81,7,31,598,5.18394648829431
Minnesota,Winona County,MN,57,27169,53,4,0,0,0,0,61,45,15,0,0,0,0,57,0,15,79,18.9873417721519
Minnesota,Wright County,MN,362,27171,322,40,0,0,0,0,90,54,34,0,0,206,0,156,0,1,287,0.348432055749129
Mississippi,Bolivar County,MS,364,28011,270,94,0,0,0,0,96,62,43,0,0,138,0,226,0,11,156,7.05128205128205
Mississippi,DeSoto County,MS,364,28033,296,67,1,0,0,0,136,55,39,0,0,154,0,210,0,7,520,1.34615384615385
Mississippi,Forrest County,MS,358,28035,298,60,0,0,0,0,75,55,35,0,0,0,0,358,0,38,534,7.11610486891386
Mississippi,Hancock County,MS,365,28045,316,49,0,0,0,0,80,54,37,0,0,184,0,181,0,11,87,12.6436781609195
Mississippi,Harrison County,MS,363,28047,284,79,0,0,0,0,97,59,41,0,0,136,0,227,0,7,251,2.78884462151394
Mississippi,Hinds County,MS,365,28049,256,109,0,0,0,0,100,63,44,0,0,143,0,222,0,25,971,2.57466529351184
Mississippi,Jackson County,MS,365,28059,289,75,1,0,0,0,105,58,39,0,1,155,0,209,0,13,302,4.3046357615894
Mississippi,Lauderdale County,MS,245,28075,229,16,0,0,0,0,77,49,36,0,0,245,0,0,0,59,730,8.08219178082192
Mississippi,Lee County,MS,241,28081,222,19,0,0,0,0,84,49,39,0,0,241,0,0,0,6,139,4.31654676258993
Mississippi,Yalobusha County,MS,348,28161,334,14,0,0,0,0,71,45,33,0,0,348,0,0,0,5,87,5.74712643678161
Missouri,Andrew County,MO,245,29003,227,18,0,0,0,0,80,49,40,0,0,245,0,0,0,0,30,0
Missouri,Boone County,MO,245,29019,239,6,0,0,0,0,71,46,38,0,0,245,0,0,0,1,144,0.694444444444444
Missouri,Buchanan County,MO,365,29021,295,70,0,0,0,0,82,57,33,0,0,0,0,278,87,2,687,0.291120815138282
Missouri,Callaway County,MO,245,29027,238,7,0,0,0,0,71,47,39,0,0,245,0,0,0,1,27,3.7037037037037
Missouri,Cass County,MO,365,29037,319,46,0,0,0,0,93,51,37,0,0,213,0,152,0,7,85,8.23529411764706
Missouri,Cedar County,MO,351,29039,285,66,0,0,0,0,80,56,39,0,0,162,0,189,0,0,9,0
Missouri,Clay County,MO,365,29047,295,70,0,0,0,0,90,59,40,0,0,225,0,140,0,3,167,1.79640718562874
Missouri,Clinton County,MO,245,29049,213,32,0,0,0,0,87,54,42,0,0,245,0,0,0,0,18,0
Missouri,Franklin County,MO,364,29071,361,3,0,0,0,0,64,14,1,0,0,0,364,0,0,16,139,11.5107913669065
Missouri,Greene County,MO,365,29077,322,43,0,0,0,0,77,51,39,0,0,197,0,154,14,8,136,5.88235294117647
Missouri,Iron County,MO,365,29093,338,27,0,0,0,0,99,44,17,0,0,0,365,0,0,0,2,0
Missouri,Jasper County,MO,365,29097,324,40,1,0,0,0,108,51,37,0,0,220,0,0,145,0,36,0
Missouri,Jefferson County,MO,365,29099,292,71,2,0,0,0,105,58,39,0,0,210,11,128,16,16,336,4.76190476190476
Missouri,Lincoln County,MO,245,29113,223,22,0,0,0,0,100,50,40,0,0,245,0,0,0,1,81,1.23456790123457
Missouri,Monroe County,MO,365,29137,357,8,0,0,0,0,71,45,35,0,0,365,0,0,0,0,2,0
Missouri,New Madrid County,MO,365,29143,49,50,145,121,0,0,200,187,131,0,0,0,365,0,0,1,20,5
Missouri,Perry County,MO,245,29157,224,21,0,0,0,0,87,50,40,0,0,245,0,0,0,0,55,0
Missouri,Stoddard County,MO,48,29207,46,2,0,0,0,0,56,40,21,0,0,0,0,48,0,5,78,6.41025641025641
Missouri,Taney County,MO,60,29213,58,2,0,0,0,0,61,33,18,0,0,0,0,60,0,2,13,15.3846153846154
Montana,Cascade County,MT,363,30013,350,12,1,0,0,0,106,38,21,0,0,0,0,363,0,2,17,11.7647058823529
Montana,Fergus County,MT,365,30027,348,17,0,0,0,0,84,47,37,0,0,336,0,27,2,0,1,0
Montana,Flathead County,MT,365,30029,302,62,1,0,0,0,103,58,37,0,0,234,0,102,29,2,37,5.40540540540541
Montana,Gallatin County,MT,365,30031,337,28,0,0,0,0,91,47,25,4,22,0,0,339,0,1,150,0.666666666666667
Montana,Lake County,MT,39,30047,39,0,0,0,0,0,37,15,7,0,0,0,0,39,0,0,6,0
Montana,Lewis and Clark County,MT,365,30049,288,75,2,0,0,0,144,64,40,0,0,252,0,113,0,0,17,0
Montana,Lincoln County,MT,364,30053,222,141,1,0,0,0,102,72,36,0,0,0,0,353,11,1,7,14.2857142857143
Montana,Missoula County,MT,365,30063,224,137,3,1,0,0,152,76,40,0,0,2,0,362,1,1,40,2.5
Montana,Phillips County,MT,365,30071,356,9,0,0,0,0,71,44,34,0,0,332,0,31,2,0,0,#DIV/0!
Montana,Powder River County,MT,361,30075,329,31,1,0,0,0,145,50,38,0,0,309,0,39,13,0,0,#DIV/0!
Montana,Powell County,MT,52,30077,52,0,0,0,0,0,48,16,6,0,0,0,0,52,0,0,0,#DIV/0!
Montana,Ravalli County,MT,364,30081,329,35,0,0,0,0,74,48,14,0,0,0,0,364,0,0,13,0
Montana,Richland County,MT,365,30083,339,26,0,0,0,0,93,48,37,0,0,307,0,51,7,0,3,0
Montana,Roosevelt County,MT,38,30085,38,0,0,0,0,0,45,38,10,0,0,0,0,38,0,0,7,0
Montana,Rosebud County,MT,364,30087,351,13,0,0,0,0,71,47,36,0,3,316,0,41,4,0,0,#DIV/0!
Montana,Sanders County,MT,364,30089,329,35,0,0,0,0,94,50,25,0,0,0,0,345,19,0,0,#DIV/0!
Montana,Sheridan County,MT,51,30091,50,1,0,0,0,0,51,29,14,0,0,0,0,51,0,0,0,#DIV/0!
Montana,Silver Bow County,MT,363,30093,319,44,0,0,0,0,91,55,20,0,0,0,0,191,172,0,11,0
Montana,Yellowstone County,MT,362,30111,357,4,0,1,0,0,157,34,21,0,0,0,77,285,0,3,91,3.2967032967033
Nebraska,Cass County,NE,348,31025,348,0,0,0,0,0,46,26,13,0,0,0,0,0,348,0,46,0
Nebraska,Douglas County,NE,365,31055,312,53,0,0,0,0,86,56,38,0,0,214,14,128,9,34,3955,0.859671302149178
Nebraska,Hall County,NE,97,31079,92,5,0,0,0,0,60,38,19,0,0,0,0,97,0,42,1484,2.83018867924528
Nebraska,Knox County,NE,355,31107,342,13,0,0,0,0,80,46,35,0,0,355,0,0,0,0,10,0
Nebraska,Lancaster County,NE,360,31109,338,22,0,0,0,0,66,46,31,0,0,229,76,55,0,9,1176,0.76530612244898
Nebraska,Sarpy County,NE,350,31153,298,52,0,0,0,0,80,55,29,0,0,0,0,350,0,3,578,0.519031141868512
Nebraska,Scotts Bluff County,NE,113,31157,110,3,0,0,0,0,70,34,19,0,0,0,0,113,0,0,88,0
Nebraska,Thomas County,NE,51,31171,48,3,0,0,0,0,57,34,13,0,0,0,0,51,0,0,1,0
Nebraska,Washington County,NE,116,31177,107,9,0,0,0,0,75,48,25,0,0,0,0,116,0,1,29,3.44827586206897
Nevada,Churchill County,NV,353,32001,323,30,0,0,0,0,80,50,41,0,0,353,0,0,0,1,7,14.2857142857143
Nevada,Clark County,NV,365,32003,154,206,5,0,0,0,122,87,54,1,20,252,0,84,8,340,6457,5.26560322131021
Nevada,Douglas County,NV,356,32005,346,10,0,0,0,0,62,40,13,0,0,0,0,356,0,0,30,0
Nevada,Elko County,NV,365,32007,363,2,0,0,0,0,61,27,14,0,0,0,0,7,358,1,24,4.16666666666667
Nevada,Lyon County,NV,352,32019,340,12,0,0,0,0,71,47,39,0,0,349,0,0,3,1,57,1.75438596491228
Nevada,Nye County,NV,365,32023,352,12,1,0,0,0,146,31,15,0,0,0,0,0,365,2,61,3.27868852459016
Nevada,Washoe County,NV,365,32031,244,121,0,0,0,0,97,64,46,0,4,294,0,62,5,55,1514,3.63276089828269
Nevada,White Pine County,NV,362,32033,294,67,1,0,0,0,101,61,44,0,0,361,0,1,0,0,4,0
New Hampshire,Belknap County,NH,316,33001,308,8,0,0,0,0,74,44,31,0,0,181,0,135,0,0,57,0
New Hampshire,Cheshire County,NH,365,33005,348,17,0,0,0,0,79,45,34,0,0,303,0,62,0,2,55,3.63636363636364
New Hampshire,Coos County,NH,324,33007,314,10,0,0,0,0,64,47,40,0,0,305,0,19,0,0,5,0
New Hampshire,Grafton County,NH,365,33009,352,13,0,0,0,0,60,44,33,0,0,311,0,54,0,1,74,1.35135135135135
New Hampshire,Hillsborough County,NH,365,33011,353,12,0,0,0,0,80,46,37,0,0,356,0,9,0,139,2254,6.16681455190772
New Hampshire,Merrimack County,NH,365,33013,360,5,0,0,0,0,72,43,27,0,0,209,156,0,0,13,331,3.92749244712991
New Hampshire,Rockingham County,NH,365,33015,343,21,1,0,0,0,112,47,37,0,0,316,0,49,0,70,1277,5.48159749412686
New Jersey,Atlantic County,NJ,365,34001,328,36,1,0,0,0,105,51,37,0,0,262,0,103,0,158,2154,7.33519034354689
New Jersey,Bergen County,NJ,365,34003,228,132,5,0,0,0,150,71,44,0,58,96,0,211,0,1567,18223,8.59902321242386
New Jersey,Camden County,NJ,365,34007,240,120,5,0,0,0,126,67,44,0,19,202,0,144,0,327,6350,5.1496062992126
New Jersey,Cumberland County,NJ,361,34011,297,61,3,0,0,0,105,58,40,0,2,268,0,91,0,69,2209,3.12358533272974
New Jersey,Essex County,NJ,365,34013,265,100,0,0,0,0,100,62,41,0,85,160,0,120,0,1647,17546,9.38675481591246
New Jersey,Gloucester County,NJ,280,34015,242,37,1,0,0,0,133,54,37,0,0,226,0,54,0,147,2198,6.68789808917197
New Jersey,Hudson County,NJ,365,34017,268,97,0,0,0,0,92,61,41,0,105,136,0,124,0,1168,18287,6.38705091048286
New Jersey,Hunterdon County,NJ,362,34019,295,66,1,0,0,0,108,58,39,0,0,271,0,91,0,58,981,5.91233435270133
New Jersey,Mercer County,NJ,365,34021,280,83,2,0,0,0,136,61,41,0,0,266,0,99,0,466,6775,6.87822878228782
New Jersey,Middlesex County,NJ,362,34023,285,74,3,0,0,0,115,61,40,0,20,247,0,95,0,972,15734,6.1777043345621
New Jersey,Monmouth County,NJ,240,34025,217,23,0,0,0,0,100,50,37,0,0,240,0,0,0,587,8100,7.24691358024691
New Jersey,Morris County,NJ,364,34027,336,28,0,0,0,0,87,50,36,0,11,335,0,18,0,610,6367,9.58065022773677
New Jersey,Ocean County,NJ,349,34029,291,56,2,0,0,0,150,58,38,0,0,218,0,131,0,721,8627,8.35748232293961
New Jersey,Passaic County,NJ,277,34031,242,34,1,0,0,0,122,54,39,0,0,224,0,53,0,917,16045,5.71517606731069
New Jersey,Union County,NJ,365,34039,258,107,0,0,0,0,100,59,42,0,109,0,0,256,0,1060,15610,6.79051889814222
New Jersey,Warren County,NJ,364,34041,320,43,1,0,0,0,103,52,35,0,47,197,0,120,0,131,1153,11.3616652211622
New Mexico,Bernalillo County,NM,365,35001,164,197,4,0,0,0,108,77,51,0,1,248,0,67,49,71,1445,4.91349480968858
New Mexico,Catron County,NM,51,35003,51,0,0,0,0,0,30,18,9,0,0,0,0,51,0,1,2,50
New Mexico,Chaves County,NM,59,35005,59,0,0,0,0,0,48,26,15,0,0,0,0,59,0,2,44,4.54545454545455
New Mexico,Eddy County,NM,365,35015,212,134,17,2,0,0,174,90,47,0,1,364,0,0,0,1,20,5
New Mexico,Lea County,NM,365,35025,252,109,4,0,0,0,140,71,45,0,4,309,0,52,0,0,26,0
New Mexico,Lincoln County,NM,50,35027,50,0,0,0,0,0,31,21,10,0,0,0,0,50,0,0,2,0
New Mexico,Los Alamos County,NM,57,35028,57,0,0,0,0,0,32,15,8,0,0,0,0,57,0,0,6,0
New Mexico,Luna County,NM,361,35029,349,10,1,0,0,1,617,29,12,0,0,0,0,0,361,1,8,12.5
New Mexico,Rio Arriba County,NM,358,35039,315,43,0,0,0,0,90,54,43,0,0,354,0,4,0,1,43,2.32558139534884
New Mexico,San Juan County,NM,365,35045,208,157,0,0,0,0,97,90,49,0,3,362,0,0,0,115,1692,6.79669030732861
New Mexico,Sandoval County,NM,363,35043,276,87,0,0,0,0,97,61,44,0,0,356,0,5,2,27,559,4.83005366726297
New Mexico,Santa Fe County,NM,362,35049,274,87,1,0,0,0,101,67,44,0,0,352,0,10,0,3,137,2.18978102189781
New Mexico,Socorro County,NM,44,35053,44,0,0,0,0,0,31,19,10,0,0,0,0,44,0,4,50,8
New Mexico,Taos County,NM,358,35055,334,24,0,0,0,0,70,42,15,0,0,0,0,358,0,0,25,0
New Mexico,Valencia County,NM,357,35061,270,87,0,0,0,0,93,67,44,0,0,357,0,0,0,2,74,2.7027027027027
New York,Albany County,NY,365,36001,322,43,0,0,0,0,92,53,37,0,0,242,0,123,0,99,1834,5.39803707742639
New York,Bronx County,NY,365,36005,280,82,3,0,0,0,115,63,40,0,66,164,0,135,0,4282,44974,9.52105661048606
New York,Chautauqua County,NY,365,36013,337,27,1,0,0,0,105,49,37,0,0,320,22,23,0,2,82,2.4390243902439
New York,Dutchess County,NY,365,36027,353,12,0,0,0,0,90,45,33,0,0,331,34,0,0,139,3887,3.57602263956779
New York,Erie County,NY,365,36029,310,55,0,0,0,0,93,54,38,0,27,221,0,117,0,497,5935,8.37405223251896
New York,Essex County,NY,365,36031,332,33,0,0,0,0,80,50,42,0,0,362,1,2,0,0,36,0
New York,Franklin County,NY,356,36033,356,0,0,0,0,0,1,0,0,0,0,0,356,0,0,0,21,0
New York,Hamilton County,NY,360,36041,358,2,0,0,0,0,54,44,34,0,0,323,37,0,0,1,5,20
New York,Herkimer County,NY,222,36043,222,0,0,0,0,0,45,36,27,0,0,185,37,0,0,3,107,2.80373831775701
New York,Jefferson County,NY,205,36045,198,7,0,0,0,0,64,46,35,0,0,205,0,0,0,0,74,0
New York,Kings County,NY,365,36047,335,30,0,0,0,0,75,46,27,0,0,0,0,365,0,6582,55446,11.8710096309923
New York,Monroe County,NY,365,36055,321,44,0,0,0,0,90,52,36,0,3,235,0,127,0,198,2860,6.92307692307692
New York,Nassau County,NY,363,36059,344,19,0,0,0,0,68,42,22,0,0,0,14,349,0,2118,40226,5.26525132998558
New York,New York County,NY,365,36061,293,70,2,0,0,0,136,58,39,0,0,184,0,181,0,2761,26480,10.4267371601208
New York,Niagara County,NY,352,36063,339,13,0,0,0,0,80,44,35,0,0,352,0,0,0,65,1008,6.4484126984127
New York,Oneida County,NY,355,36065,345,10,0,0,0,0,60,35,18,0,0,0,0,355,0,54,988,5.46558704453441
New York,Onondaga County,NY,365,36067,337,28,0,0,0,0,77,49,37,0,0,281,0,84,0,117,2092,5.59273422562142
New York,Orange County,NY,365,36071,343,22,0,0,0,0,74,47,36,0,0,275,0,90,0,374,10361,3.60969018434514
New York,Oswego County,NY,321,36075,316,5,0,0,0,0,67,45,34,0,0,321,0,0,0,2,108,1.85185185185185
New York,Putnam County,NY,364,36079,348,15,1,0,0,0,101,46,34,0,0,329,35,0,0,60,1241,4.8348106365834
New York,Queens County,NY,365,36081,292,69,4,0,0,0,119,58,40,0,85,189,0,91,0,6162,61644,9.99610667704886
New York,Richmond County,NY,365,36085,314,51,0,0,0,0,97,55,37,0,0,224,0,141,0,940,13455,6.98625046451133
New York,Rockland County,NY,365,36087,335,29,1,0,0,0,112,49,36,0,0,296,0,69,0,494,13100,3.77099236641221
New York,Saratoga County,NY,331,36091,328,3,0,0,0,0,58,44,33,0,0,331,0,0,0,14,473,2.95983086680761
New York,Seneca County,NY,360,36099,360,0,0,0,0,0,6,1,0,0,0,0,360,0,0,1,57,1.75438596491228
New York,St. Lawrence County,NY,365,36089,279,76,10,0,0,0,105,80,17,0,0,0,365,0,0,2,202,0.99009900990099
New York,Steuben County,NY,365,36101,349,16,0,0,0,0,65,47,35,0,0,292,0,73,0,27,241,11.2033195020747
New York,Suffolk County,NY,365,36103,300,56,9,0,0,0,150,61,40,0,0,295,1,69,0,1879,39445,4.76359487894537
New York,Tompkins County,NY,365,36109,358,7,0,0,0,0,61,45,34,0,0,353,12,0,0,0,157,0
New York,Wayne County,NY,268,36117,253,15,0,0,0,0,90,47,35,0,0,268,0,0,0,2,113,1.76991150442478
New York,Westchester County,NY,365,36119,330,34,1,0,0,0,105,50,36,0,0,292,0,73,0,1359,33349,4.07508471018621
North Carolina,Alexander County,NC,305,37003,274,31,0,0,0,0,80,51,39,0,0,245,0,0,60,0,30,0
North Carolina,Avery County,NC,363,37011,335,28,0,0,0,0,77,49,40,0,0,363,0,0,0,0,2,0
North Carolina,Beaufort County,NC,352,37013,352,0,0,0,0,0,39,6,0,0,0,0,352,0,0,0,33,0
North Carolina,Brunswick County,NC,351,37019,325,24,2,0,0,0,119,46,0,0,0,0,351,0,0,2,82,2.4390243902439
North Carolina,Buncombe County,NC,365,37021,328,37,0,0,0,0,84,51,38,0,0,197,7,161,0,20,310,6.45161290322581
North Carolina,Caldwell County,NC,304,37027,275,29,0,0,0,0,74,50,39,0,0,243,61,0,0,2,127,1.5748031496063
North Carolina,Carteret County,NC,259,37031,239,20,0,0,0,0,80,50,37,0,0,259,0,0,0,3,35,8.57142857142857
North Carolina,Caswell County,NC,245,37033,236,9,0,0,0,0,64,47,39,0,0,245,0,0,0,1,58,1.72413793103448
North Carolina,Catawba County,NC,361,37035,298,63,0,0,0,0,71,54,33,0,0,0,0,361,0,5,189,2.64550264550265
North Carolina,Cumberland County,NC,363,37051,282,81,0,0,0,0,84,58,41,0,0,206,0,153,4,17,658,2.58358662613982
North Carolina,Davidson County,NC,350,37057,272,78,0,0,0,0,91,56,35,0,0,0,0,350,0,12,385,3.11688311688312
North Carolina,Durham County,NC,364,37063,293,71,0,0,0,0,87,56,42,0,0,203,0,161,0,45,1441,3.12283136710618
North Carolina,Edgecombe County,NC,363,37065,325,38,0,0,0,0,71,51,36,0,0,200,0,163,0,9,190,4.73684210526316
North Carolina,Forsyth County,NC,365,37067,236,129,0,0,0,0,97,64,45,0,12,180,0,173,0,11,1179,0.932994062765055
North Carolina,Graham County,NC,245,37075,191,54,0,0,0,0,97,61,44,0,0,245,0,0,0,0,2,0
North Carolina,Granville County,NC,240,37077,195,45,0,0,0,0,87,64,44,0,0,240,0,0,0,8,277,2.88808664259928
North Carolina,Guilford County,NC,365,37081,293,72,0,0,0,0,90,61,42,0,0,222,0,117,26,64,1195,5.35564853556485
North Carolina,Haywood County,NC,364,37087,296,66,2,0,0,0,108,61,43,0,0,244,111,9,0,0,46,0
North Carolina,Hyde County,NC,46,37095,45,1,0,0,0,0,59,30,20,0,0,0,0,46,0,0,1,0
North Carolina,Jackson County,NC,103,37099,100,3,0,0,0,0,62,45,26,0,0,0,0,103,0,1,29,3.44827586206897
North Carolina,Johnston County,NC,363,37101,294,69,0,0,0,0,87,55,40,0,0,166,0,197,0,17,407,4.17690417690418
North Carolina,Lenoir County,NC,237,37107,205,32,0,0,0,0,87,54,42,0,0,237,0,0,0,7,209,3.34928229665072
North Carolina,Lincoln County,NC,243,37109,178,65,0,0,0,0,97,64,44,0,0,243,0,0,0,0,67,0
North Carolina,Macon County,NC,358,37113,343,15,0,0,0,0,87,46,33,0,0,358,0,0,0,1,47,2.12765957446808
North Carolina,Martin County,NC,356,37117,322,34,0,0,0,0,74,50,36,0,0,237,61,0,58,4,65,6.15384615384615
North Carolina,Mecklenburg County,NC,365,37119,234,121,10,0,0,0,136,71,45,0,2,217,0,146,0,88,3837,2.29345843106594
North Carolina,Mitchell County,NC,333,37121,325,8,0,0,0,0,59,40,22,0,0,0,0,333,0,0,12,0
North Carolina,Montgomery County,NC,365,37123,308,57,0,0,0,0,71,53,39,0,0,248,0,117,0,4,110,3.63636363636364
North Carolina,New Hanover County,NC,348,37129,319,29,0,0,0,0,80,50,34,0,0,222,0,126,0,4,180,2.22222222222222
North Carolina,Northampton County,NC,153,37131,138,15,0,0,0,0,71,49,32,0,11,0,0,142,0,14,144,9.72222222222222
North Carolina,Person County,NC,362,37145,314,48,0,0,0,0,92,51,39,0,0,240,122,0,0,1,45,2.22222222222222
North Carolina,Pitt County,NC,352,37147,308,44,0,0,0,0,87,52,38,0,0,208,0,144,0,2,286,0.699300699300699
North Carolina,Rockingham County,NC,245,37157,207,38,0,0,0,0,84,58,44,0,0,245,0,0,0,2,86,2.32558139534884
North Carolina,Rowan County,NC,365,37159,289,76,0,0,0,0,100,64,43,0,0,325,0,40,0,33,629,5.24642289348172
North Carolina,Swain County,NC,362,37173,323,39,0,0,0,0,90,51,37,0,0,182,0,180,0,0,11,0
North Carolina,Union County,NC,235,37179,175,57,3,0,0,0,105,64,45,0,0,235,0,0,0,18,430,4.18604651162791
North Carolina,Wake County,NC,365,37183,245,120,0,0,0,0,93,61,46,1,1,175,0,188,0,37,1613,2.2938623682579
North Carolina,Yancey County,NC,244,37199,191,53,0,0,0,0,87,64,45,0,0,244,0,0,0,0,14,0
North Dakota,Billings County,ND,365,38007,354,11,0,0,0,0,84,45,33,0,0,327,0,38,0,0,0,#DIV/0!
North Dakota,Burke County,ND,365,38013,354,11,0,0,0,0,67,45,32,0,1,324,3,36,1,0,5,0
North Dakota,Burleigh County,ND,365,38015,331,34,0,0,0,0,90,49,31,0,10,212,0,135,8,0,126,0
North Dakota,Cass County,ND,363,38017,327,34,1,1,0,0,156,50,33,0,9,264,0,88,2,48,1661,2.8898254063817
North Dakota,Dunn County,ND,365,38025,348,17,0,0,0,0,87,46,34,0,0,339,0,26,0,0,12,0
North Dakota,McKenzie County,ND,365,38053,353,12,0,0,0,0,77,46,34,0,1,338,0,25,1,0,16,0
North Dakota,Mercer County,ND,365,38057,341,24,0,0,0,0,71,48,35,0,0,270,6,89,0,0,5,0
North Dakota,Oliver County,ND,365,38065,339,26,0,0,0,0,84,48,34,0,0,342,0,23,0,0,1,0
North Dakota,Ward County,ND,364,38101,347,17,0,0,0,0,87,44,29,0,7,262,0,91,4,1,37,2.7027027027027
North Dakota,Williams County,ND,365,38105,309,53,3,0,0,0,128,56,34,0,0,253,56,55,1,0,24,0
Ohio,Adams County,OH,365,39001,361,4,0,0,0,0,61,36,20,0,0,0,41,324,0,1,9,11.1111111111111
Ohio,Allen County,OH,364,39003,303,61,0,0,0,0,97,56,39,0,0,214,32,118,0,32,212,15.0943396226415
Ohio,Ashtabula County,OH,358,39007,334,23,1,0,0,0,112,47,34,0,0,245,113,0,0,34,330,10.3030303030303
Ohio,Athens County,OH,120,39009,116,4,0,0,0,0,56,43,25,0,0,0,0,120,0,1,18,5.55555555555556
Ohio,Belmont County,OH,365,39013,349,16,0,0,0,0,66,38,15,14,251,0,1,90,9,12,419,2.86396181384248
Ohio,Butler County,OH,365,39017,247,105,13,0,0,0,147,78,44,0,0,275,27,58,5,29,862,3.36426914153132
Ohio,Clark County,OH,365,39023,220,143,2,0,0,0,105,64,45,0,0,157,3,205,0,6,252,2.38095238095238
Ohio,Clermont County,OH,358,39025,287,67,4,0,0,0,140,58,40,0,0,213,0,145,0,5,206,2.42718446601942
Ohio,Clinton County,OH,244,39027,203,41,0,0,0,0,100,58,43,0,0,244,0,0,0,0,43,0
Ohio,Columbiana County,OH,350,39029,350,0,0,0,0,0,26,11,1,0,0,0,288,0,62,51,739,6.90121786197564
Ohio,Cuyahoga County,OH,365,39035,188,173,4,0,0,0,108,70,50,0,3,133,2,214,13,226,4318,5.23390458545623
Ohio,Delaware County,OH,241,39041,214,27,0,0,0,0,84,51,41,0,0,241,0,0,0,13,320,4.0625
Ohio,Fayette County,OH,355,39047,332,23,0,0,0,0,74,48,38,0,0,355,0,0,0,0,40,0
Ohio,Franklin County,OH,365,39049,244,120,1,0,0,0,101,65,46,0,5,174,0,185,1,256,5674,4.51180824814945
Ohio,Gallia County,OH,365,39053,337,26,2,0,0,0,117,46,6,0,0,0,365,0,0,1,7,14.2857142857143
Ohio,Geauga County,OH,230,39055,189,39,2,0,0,0,119,61,42,0,0,230,0,0,0,32,277,11.5523465703971
Ohio,Greene County,OH,243,39057,213,30,0,0,0,0,90,54,41,0,0,243,0,0,0,5,101,4.95049504950495
Ohio,Hamilton County,OH,365,39061,162,197,6,0,0,0,119,77,52,0,7,152,0,206,0,147,2603,5.64733000384172
Ohio,Harrison County,OH,293,39067,290,3,0,0,0,0,59,30,2,236,0,0,0,55,2,0,10,0
Ohio,Jefferson County,OH,365,39081,232,131,2,0,0,0,123,63,45,0,0,119,7,239,0,2,67,2.98507462686567
Ohio,Knox County,OH,245,39083,218,27,0,0,0,0,93,51,41,0,0,245,0,0,0,1,24,4.16666666666667
Ohio,Lake County,OH,365,39085,317,43,5,0,0,0,115,54,37,0,0,231,1,133,0,12,302,3.97350993377483
Ohio,Lawrence County,OH,365,39087,328,37,0,0,0,0,77,51,39,0,0,197,0,168,0,0,30,0
Ohio,Licking County,OH,245,39089,223,22,0,0,0,0,80,50,41,0,0,245,0,0,0,10,230,4.34782608695652
Ohio,Lorain County,OH,362,39093,313,49,0,0,0,0,72,52,38,0,0,204,0,158,0,59,672,8.7797619047619
Ohio,Lucas County,OH,365,39095,293,71,1,0,0,0,143,61,40,0,0,200,15,150,0,240,2202,10.8991825613079
Ohio,Madison County,OH,245,39097,209,36,0,0,0,0,93,54,42,0,0,245,0,0,0,7,152,4.60526315789474
Ohio,Mahoning County,OH,365,39099,308,57,0,0,0,0,84,54,39,0,0,177,5,183,0,173,1405,12.3131672597865
Ohio,Medina County,OH,353,39103,304,49,0,0,0,0,78,53,38,0,0,163,0,190,0,23,328,7.01219512195122
Ohio,Miami County,OH,241,39109,226,15,0,0,0,0,77,49,40,0,0,241,0,0,0,30,355,8.45070422535211
Ohio,Montgomery County,OH,365,39113,229,136,0,0,0,0,94,64,45,0,0,168,0,195,2,17,651,2.61136712749616
Ohio,Morgan County,OH,351,39115,351,0,0,0,0,0,29,10,1,0,0,0,351,0,0,0,5,0
Ohio,Noble County,OH,357,39121,333,24,0,0,0,0,87,49,37,0,0,346,0,11,0,0,6,0
Ohio,Portage County,OH,270,39133,252,18,0,0,0,0,87,49,37,0,0,214,0,56,0,57,322,17.7018633540373
Ohio,Preble County,OH,364,39135,266,98,0,0,0,0,93,60,43,0,0,219,0,145,0,1,35,2.85714285714286
Ohio,Scioto County,OH,365,39145,356,9,0,0,0,0,78,37,14,0,0,0,52,103,210,0,15,0
Ohio,Stark County,OH,365,39151,226,139,0,0,0,0,100,67,46,0,0,164,0,201,0,91,716,12.7094972067039
Ohio,Summit County,OH,365,39153,279,83,3,0,0,0,115,61,42,0,0,170,2,193,0,172,1380,12.463768115942
Ohio,Trumbull County,OH,362,39155,295,67,0,0,0,0,100,58,40,0,0,208,0,154,0,48,562,8.54092526690392
Ohio,Warren County,OH,360,39165,284,73,3,0,0,0,122,63,43,0,0,199,0,161,0,20,359,5.57103064066852
Ohio,Washington County,OH,245,39167,219,26,0,0,0,0,87,51,41,0,0,245,0,0,0,19,118,16.1016949152542
Ohio,Wood County,OH,244,39173,225,19,0,0,0,0,87,49,38,0,0,244,0,0,0,46,285,16.140350877193
Oklahoma,Adair County,OK,365,40001,338,27,0,0,0,0,86,49,37,1,0,262,0,98,4,3,85,3.52941176470588
Oklahoma,Canadian County,OK,355,40017,306,48,1,0,0,0,105,54,37,0,0,355,0,0,0,3,129,2.32558139534884
Oklahoma,Carter County,OK,365,40019,285,80,0,0,0,0,97,58,43,0,0,218,0,147,0,1,39,2.56410256410256
Oklahoma,Choctaw County,OK,252,40023,238,14,0,0,0,0,90,47,37,0,0,252,0,0,0,1,32,3.125
Oklahoma,Cleveland County,OK,365,40027,231,134,0,0,0,0,90,64,45,0,0,192,0,173,0,37,498,7.42971887550201
Oklahoma,Comanche County,OK,365,40031,285,80,0,0,0,0,97,62,43,0,0,224,0,141,0,3,279,1.0752688172043
Oklahoma,Creek County,OK,356,40037,331,24,1,0,0,0,101,48,36,0,0,356,0,0,0,7,93,7.52688172043011
Oklahoma,Custer County,OK,236,40039,235,1,0,0,0,0,58,26,14,0,0,0,0,0,236,0,13,0
Oklahoma,Dewey County,OK,365,40043,293,72,0,0,0,0,93,58,42,0,0,240,0,125,0,0,2,0
Oklahoma,Garfield County,OK,345,40047,339,6,0,0,0,0,74,13,0,0,0,0,345,0,0,1,26,3.84615384615385
Oklahoma,Johnston County,OK,141,40069,128,13,0,0,0,0,67,50,40,0,0,141,0,0,0,0,3,0
Oklahoma,Kay County,OK,365,40071,292,72,1,0,0,0,106,57,40,0,0,139,4,222,0,7,52,13.4615384615385
Oklahoma,Le Flore County,OK,38,40079,35,3,0,0,0,0,79,48,28,0,0,0,0,34,4,1,14,7.14285714285714
Oklahoma,Mayes County,OK,365,40097,351,14,0,0,0,0,100,46,32,0,0,296,69,0,0,4,30,13.3333333333333
Oklahoma,Muskogee County,OK,286,40101,269,15,1,1,0,0,169,35,5,0,0,0,152,0,134,6,46,13.0434782608696
Oklahoma,Nowata County,OK,365,40105,287,77,1,0,0,0,118,56,41,0,0,229,0,136,0,0,23,0
Oklahoma,Oklahoma County,OK,365,40109,227,137,1,0,0,0,119,70,46,0,5,204,0,155,1,60,1254,4.78468899521531
Oklahoma,Osage County,OK,354,40113,311,43,0,0,0,0,90,51,38,0,0,354,0,0,0,8,95,8.42105263157895
Oklahoma,Ottawa County,OK,363,40115,289,73,1,0,0,0,104,57,38,0,0,80,0,251,32,2,35,5.71428571428571
Oklahoma,Pittsburg County,OK,365,40121,272,91,2,0,0,0,105,59,43,0,0,238,0,127,0,3,40,7.5
Oklahoma,Sequoyah County,OK,361,40135,325,36,0,0,0,0,67,50,36,0,18,201,0,142,0,3,14,21.4285714285714
Oklahoma,Tulsa County,OK,365,40143,256,108,1,0,0,0,105,65,44,0,3,225,0,137,0,51,983,5.1881993896236
Oregon,Baker County,OR,360,41001,328,32,0,0,0,0,64,49,23,0,0,0,0,360,0,0,1,0
Oregon,Benton County,OR,365,41003,332,33,0,0,0,0,85,49,17,0,0,0,0,365,0,5,55,9.09090909090909
Oregon,Clackamas County,OR,199,41005,191,7,1,0,0,0,101,44,31,0,0,143,0,56,0,11,305,3.60655737704918
Oregon,Columbia County,OR,363,41009,355,8,0,0,0,0,84,38,24,0,0,141,0,222,0,0,16,0
Oregon,Coos County,OR,107,41011,106,1,0,0,0,0,58,35,19,0,0,0,0,107,0,0,31,0
Oregon,Crook County,OR,365,41013,296,68,1,0,0,0,103,59,23,0,0,0,0,365,0,0,6,0
Oregon,Deschutes County,OR,365,41017,341,19,4,1,0,0,153,43,20,0,0,0,0,365,0,0,121,0
Oregon,Douglas County,OR,347,41019,288,59,0,0,0,0,80,59,24,0,0,0,0,347,0,0,26,0
Oregon,Grant County,OR,349,41023,255,93,1,0,0,0,103,60,30,0,0,0,0,349,0,0,1,0
Oregon,Harney County,OR,364,41025,264,95,5,0,0,0,131,66,33,0,0,0,0,363,1,0,1,0
Oregon,Jackson County,OR,365,41029,295,63,3,4,0,0,180,61,36,0,0,141,0,224,0,0,65,0
Oregon,Jefferson County,OR,365,41031,291,72,2,0,0,0,122,61,22,0,0,0,0,365,0,0,28,0
Oregon,Josephine County,OR,365,41033,283,77,3,2,0,0,169,64,26,0,0,0,0,365,0,1,23,4.34782608695652
Oregon,Klamath County,OR,365,41035,261,98,6,0,0,0,126,75,29,0,0,0,0,361,4,0,42,0
Oregon,Lake County,OR,363,41037,311,51,1,0,0,0,106,56,19,0,0,0,0,363,0,0,2,0
Oregon,Lane County,OR,365,41039,254,103,8,0,0,0,117,75,38,0,0,109,0,246,10,2,68,2.94117647058823
Oregon,Linn County,OR,365,41043,280,83,2,0,0,0,104,62,28,0,0,0,0,365,0,9,115,7.82608695652174
Oregon,Marion County,OR,356,41047,302,54,0,0,0,0,92,59,32,0,0,138,0,218,0,25,942,2.65392781316348
Oregon,Multnomah County,OR,365,41051,321,44,0,0,0,0,89,52,34,0,11,228,0,126,0,59,1121,5.26315789473684
Oregon,Umatilla County,OR,365,41059,296,68,1,0,0,0,104,58,37,0,0,150,0,215,0,3,114,2.63157894736842
Oregon,Union County,OR,365,41061,344,21,0,0,0,0,86,43,20,0,0,0,0,362,3,0,6,0
Oregon,Wallowa County,OR,363,41063,333,29,1,0,0,0,103,48,22,0,0,0,0,363,0,0,2,0
Oregon,Wasco County,OR,350,41065,298,52,0,0,0,0,88,57,23,0,0,0,0,350,0,1,22,4.54545454545455
Oregon,Washington County,OR,365,41067,310,54,1,0,0,0,102,57,32,0,13,165,0,186,1,17,722,2.35457063711911
Pennsylvania,Adams County,PA,365,42001,288,77,0,0,0,0,85,59,42,0,0,266,0,99,0,7,241,2.9045643153527
Pennsylvania,Allegheny County,PA,365,42003,138,212,11,4,0,0,161,81,55,0,0,98,24,243,0,162,1870,8.66310160427807
Pennsylvania,Armstrong County,PA,365,42005,323,42,0,0,0,0,71,51,37,0,0,246,0,119,0,4,62,6.45161290322581
Pennsylvania,Beaver County,PA,365,42007,248,116,1,0,0,0,132,64,45,0,0,231,0,134,0,73,582,12.5429553264605
Pennsylvania,Berks County,PA,365,42011,279,80,5,1,0,0,165,63,42,0,0,242,0,123,0,311,3988,7.79839518555667
Pennsylvania,Blair County,PA,354,42013,281,73,0,0,0,0,92,60,41,0,0,211,2,141,0,1,49,2.04081632653061
Pennsylvania,Bradford County,PA,352,42015,314,38,0,0,0,0,75,52,36,0,0,242,0,110,0,3,46,6.52173913043478
Pennsylvania,Bucks County,PA,357,42017,318,36,3,0,0,0,136,54,35,0,0,357,0,0,0,493,5012,9.83639265762171
Pennsylvania,Cambria County,PA,365,42021,296,69,0,0,0,0,88,57,39,2,4,189,0,170,0,2,57,3.50877192982456
Pennsylvania,Centre County,PA,365,42027,267,98,0,0,0,0,99,62,44,0,0,203,0,162,0,6,151,3.97350993377483
Pennsylvania,Chester County,PA,364,42029,266,96,2,0,0,0,115,64,43,0,0,257,0,107,0,277,2607,10.6252397391638
Pennsylvania,Clearfield County,PA,359,42033,357,2,0,0,0,0,61,44,33,0,0,359,0,0,0,0,38,0
Pennsylvania,Cumberland County,PA,365,42041,268,92,5,0,0,0,150,64,38,0,0,0,0,365,0,48,621,7.72946859903382
Pennsylvania,Dauphin County,PA,365,42043,286,75,3,1,0,0,158,64,41,0,0,237,0,127,1,72,1231,5.84890333062551
Pennsylvania,Delaware County,PA,365,42045,240,118,7,0,0,0,133,71,44,0,6,208,0,151,0,550,6379,8.62204107226838
Pennsylvania,Elk County,PA,357,42047,345,12,0,0,0,0,80,46,35,0,0,357,0,0,0,0,6,0
Pennsylvania,Erie County,PA,364,42049,322,42,0,0,0,0,93,51,36,2,7,245,0,110,0,4,253,1.58102766798419
Pennsylvania,Fayette County,PA,360,42051,313,47,0,0,0,0,72,54,39,0,0,271,0,89,0,4,95,4.21052631578947
Pennsylvania,Franklin County,PA,341,42055,324,17,0,0,0,0,80,48,36,0,0,341,0,0,0,34,762,4.46194225721785
Pennsylvania,Greene County,PA,349,42059,329,20,0,0,0,0,71,48,35,0,0,257,0,92,0,0,27,0
Pennsylvania,Indiana County,PA,364,42063,337,27,0,0,0,0,93,49,38,0,0,348,16,0,0,5,90,5.55555555555556
Pennsylvania,Lackawanna County,PA,365,42069,333,32,0,0,0,0,80,49,37,0,22,290,0,53,0,166,1528,10.8638743455497
Pennsylvania,Lancaster County,PA,365,42071,238,117,9,1,0,0,157,72,45,0,0,198,0,167,0,292,3105,9.40418679549114
Pennsylvania,Lawrence County,PA,361,42073,356,5,0,0,0,0,74,43,31,0,0,361,0,0,0,8,76,10.5263157894737
Pennsylvania,Lebanon County,PA,360,42075,278,78,4,0,0,0,142,62,42,0,0,219,0,141,0,33,950,3.47368421052632
Pennsylvania,Lehigh County,PA,360,42077,293,64,3,0,0,0,119,61,38,0,0,247,0,111,2,222,3738,5.93900481540931
Pennsylvania,Luzerne County,PA,361,42079,350,11,0,0,0,0,77,45,34,0,0,351,1,0,9,144,2711,5.31169310217632
Pennsylvania,Lycoming County,PA,361,42081,340,21,0,0,0,0,74,46,35,0,0,299,0,62,0,16,162,9.87654320987654
Pennsylvania,Mercer County,PA,365,42085,290,75,0,0,0,0,95,57,41,0,0,259,0,106,0,5,107,4.67289719626168
Pennsylvania,Monroe County,PA,349,42089,340,9,0,0,0,0,80,45,34,0,0,349,0,0,0,101,1315,7.68060836501901
Pennsylvania,Montgomery County,PA,362,42091,302,59,1,0,0,0,129,58,35,0,0,238,0,124,0,674,6906,9.75962930784825
Pennsylvania,Northampton County,PA,363,42095,286,74,3,0,0,0,114,62,40,0,2,242,0,119,0,207,3045,6.79802955665025
Pennsylvania,Philadelphia County,PA,365,42101,244,115,6,0,0,0,140,71,44,0,30,206,0,129,0,1300,18156,7.16016743776162
Pennsylvania,Somerset County,PA,359,42111,340,19,0,0,0,0,80,48,36,0,0,359,0,0,0,1,37,2.7027027027027
Pennsylvania,Susquehanna County,PA,352,42115,328,24,0,0,0,0,76,46,24,0,0,0,0,352,0,15,109,13.7614678899083
Pennsylvania,Tioga County,PA,361,42117,342,19,0,0,0,0,74,47,36,0,3,288,0,70,0,2,17,11.7647058823529
Pennsylvania,Warren County,PA,365,42123,357,6,2,0,0,0,120,27,9,0,0,0,365,0,0,0,3,0
Pennsylvania,Washington County,PA,365,42125,252,113,0,0,0,0,94,64,44,0,0,205,0,160,0,5,139,3.59712230215827
Pennsylvania,Westmoreland County,PA,354,42129,319,35,0,0,0,0,93,50,38,0,0,278,0,76,0,38,444,8.55855855855856
Pennsylvania,Wyoming County,PA,27,42131,19,8,0,0,0,0,85,63,29,0,0,0,0,27,0,7,34,20.5882352941176
Pennsylvania,York County,PA,365,42133,299,66,0,0,0,0,93,56,41,0,21,232,1,111,0,26,991,2.62361251261352
Rhode Island,Kent County,RI,351,44003,328,23,0,0,0,0,93,48,32,0,0,201,0,150,0,51,1052,4.84790874524715
Rhode Island,Providence County,RI,365,44007,298,67,0,0,0,0,90,58,43,0,13,248,0,103,1,390,11052,3.52877307274701
Rhode Island,Washington County,RI,352,44009,322,28,2,0,0,0,126,49,36,0,0,208,0,144,0,40,499,8.01603206412826
South Carolina,Aiken County,SC,265,45003,230,35,0,0,0,0,97,58,39,0,0,265,0,0,0,7,191,3.66492146596859
South Carolina,Anderson County,SC,225,45007,175,49,1,0,0,0,108,67,43,0,0,225,0,0,0,8,234,3.41880341880342
South Carolina,Berkeley County,SC,216,45015,189,27,0,0,0,0,100,54,36,0,0,216,0,0,0,16,228,7.01754385964912
South Carolina,Charleston County,SC,355,45019,303,51,1,0,0,0,140,52,38,0,1,223,0,130,1,12,586,2.04778156996587
South Carolina,Chesterfield County,SC,364,45025,281,83,0,0,0,0,90,61,39,0,0,265,0,99,0,4,165,2.42424242424242
South Carolina,Colleton County,SC,7,45029,7,0,0,0,0,0,32,32,29,0,0,5,0,2,0,11,92,11.9565217391304
South Carolina,Darlington County,SC,282,45031,227,55,0,0,0,0,100,61,41,0,0,282,0,0,0,9,276,3.26086956521739
South Carolina,Edgefield County,SC,365,45037,299,66,0,0,0,0,88,58,39,0,0,227,0,138,0,2,51,3.92156862745098
South Carolina,Florence County,SC,361,45041,323,38,0,0,0,0,70,51,30,0,0,0,0,361,0,37,637,5.80847723704867
South Carolina,Georgetown County,SC,92,45043,91,1,0,0,0,0,52,25,14,0,0,0,0,0,92,3,74,4.05405405405405
South Carolina,Greenville County,SC,365,45045,237,127,1,0,0,0,101,67,45,0,3,234,0,127,1,57,1461,3.90143737166324
South Carolina,Horry County,SC,261,45051,205,56,0,0,0,0,97,64,41,0,0,261,0,0,0,25,410,6.09756097560976
South Carolina,Lexington County,SC,365,45063,309,56,0,0,0,0,66,53,33,0,0,0,0,359,6,33,597,5.52763819095477
South Carolina,Oconee County,SC,365,45073,308,56,1,0,0,0,105,54,41,0,0,272,50,43,0,0,50,0
South Carolina,Pickens County,SC,251,45077,175,76,0,0,0,0,93,71,45,0,0,251,0,0,0,3,138,2.17391304347826
South Carolina,Richland County,SC,365,45079,282,81,2,0,0,0,136,65,42,0,0,283,0,82,0,66,1461,4.51745379876797
South Carolina,Spartanburg County,SC,357,45083,249,106,2,0,0,0,105,65,44,0,0,221,0,136,0,20,555,3.6036036036036
South Carolina,York County,SC,365,45091,262,95,8,0,0,0,133,68,44,0,0,250,0,115,0,7,385,1.81818181818182
South Dakota,Brookings County,SD,365,46011,284,76,5,0,0,0,126,64,42,0,0,329,0,23,13,0,16,0
South Dakota,Brown County,SD,122,46013,112,10,0,0,0,0,77,42,20,0,0,0,0,111,11,1,269,0.371747211895911
South Dakota,Codington County,SD,361,46029,325,36,0,0,0,0,83,50,25,0,0,0,0,278,83,0,35,0
South Dakota,Custer County,SD,362,46033,355,7,0,0,0,0,84,48,39,0,0,356,0,5,1,0,0,#DIV/0!
South Dakota,Hughes County,SD,356,46065,350,6,0,0,0,0,65,28,11,0,0,0,0,356,0,0,19,0
South Dakota,Jackson County,SD,365,46071,349,16,0,0,0,0,61,48,38,0,2,350,0,13,0,0,3,0
South Dakota,Meade County,SD,365,46093,358,7,0,0,0,0,80,44,36,0,0,361,0,0,4,0,13,0
South Dakota,Minnehaha County,SD,365,46099,321,43,1,0,0,0,105,52,36,0,9,307,0,47,2,49,3330,1.47147147147147
South Dakota,Pennington County,SD,361,46103,278,79,4,0,0,0,117,61,30,0,20,0,0,115,226,3,201,1.49253731343284
South Dakota,Union County,SD,364,46127,327,37,0,0,0,0,97,51,35,0,2,267,0,82,13,0,88,0
Tennessee,Anderson County,TN,365,47001,308,55,2,0,0,0,105,61,35,0,0,234,131,0,0,1,39,2.56410256410256
Tennessee,Blount County,TN,365,47009,305,59,1,0,0,0,101,54,41,0,0,310,0,55,0,3,89,3.37078651685393
Tennessee,Claiborne County,TN,346,47025,325,21,0,0,0,0,80,47,35,0,0,346,0,0,0,0,9,0
Tennessee,Davidson County,TN,365,47037,248,116,1,0,0,0,101,62,45,0,26,132,0,207,0,59,4968,1.18760064412238
Tennessee,DeKalb County,TN,363,47041,335,28,0,0,0,0,80,49,37,0,0,363,0,0,0,0,37,0
Tennessee,Dyer County,TN,360,47045,341,19,0,0,0,0,62,45,26,0,0,0,0,360,0,0,50,0
Tennessee,Hamilton County,TN,365,47065,243,122,0,0,0,0,97,64,45,0,0,191,0,174,0,15,753,1.99203187250996
Tennessee,Jefferson County,TN,234,47089,197,37,0,0,0,0,93,58,44,0,0,234,0,0,0,0,28,0
Tennessee,Knox County,TN,364,47093,269,95,0,0,0,0,84,59,42,0,0,180,0,180,4,5,366,1.36612021857924
Tennessee,Lawrence County,TN,330,47099,306,24,0,0,0,0,62,47,27,0,0,0,0,330,0,0,29,0
Tennessee,Loudon County,TN,365,47105,313,52,0,0,0,0,93,54,37,0,0,151,0,214,0,0,142,0
Tennessee,Madison County,TN,362,47113,330,32,0,0,0,0,60,49,27,0,0,0,0,362,0,2,175,1.14285714285714
Tennessee,Maury County,TN,362,47119,352,10,0,0,0,0,61,42,23,0,0,0,0,362,0,0,88,0
Tennessee,McMinn County,TN,357,47107,316,41,0,0,0,0,65,51,30,0,0,0,0,357,0,14,136,10.2941176470588
Tennessee,Montgomery County,TN,362,47125,339,23,0,0,0,0,63,46,26,0,0,0,0,362,0,3,262,1.14503816793893
Tennessee,Putnam County,TN,360,47141,351,9,0,0,0,0,63,45,25,0,0,0,0,360,0,6,465,1.29032258064516
Tennessee,Roane County,TN,357,47145,339,18,0,0,0,0,71,46,28,0,0,0,0,357,0,0,16,0
Tennessee,Sevier County,TN,364,47155,287,77,0,0,0,0,90,61,44,0,0,364,0,0,0,2,80,2.5
Tennessee,Shelby County,TN,365,47157,239,122,4,0,0,0,148,64,44,0,7,200,0,157,1,110,4823,2.28073812979473
Tennessee,Sullivan County,TN,365,47163,237,107,21,0,0,0,121,77,45,0,0,159,129,77,0,2,60,3.33333333333333
Tennessee,Sumner County,TN,357,47165,284,73,0,0,0,0,93,60,40,0,0,200,0,157,0,45,858,5.24475524475525
Tennessee,Williamson County,TN,245,47187,215,30,0,0,0,0,84,51,42,0,0,245,0,0,0,10,542,1.8450184501845
Tennessee,Wilson County,TN,231,47189,205,26,0,0,0,0,80,51,40,0,0,231,0,0,0,8,389,2.05655526992288
Texas,Bell County,TX,365,48027,284,79,2,0,0,0,105,58,42,0,1,265,0,99,0,3,345,0.869565217391304
Texas,Bexar County,TX,365,48029,196,163,5,1,0,0,169,71,49,0,3,161,0,200,1,71,2583,2.74874177313202
Texas,Bowie County,TX,349,48037,254,94,1,0,0,0,109,58,39,0,0,0,0,349,0,6,191,3.1413612565445
Texas,Brazoria County,TX,365,48039,325,33,6,1,0,0,161,51,33,0,5,360,0,0,0,12,882,1.36054421768707
Texas,Brewster County,TX,362,48043,310,52,0,0,0,0,93,54,40,0,0,308,0,54,0,0,1,0
Texas,Cameron County,TX,365,48061,236,129,0,0,0,0,89,62,44,0,0,128,0,237,0,35,743,4.71063257065949
Texas,Collin County,TX,365,48085,309,48,7,1,0,0,156,58,40,0,0,365,0,0,0,33,1236,2.66990291262136
Texas,Culberson County,TX,150,48109,132,16,2,0,0,0,108,51,37,0,0,105,0,45,0,0,0,#DIV/0!
Texas,Dallas County,TX,365,48113,227,132,6,0,0,0,143,72,45,0,20,199,0,146,0,222,9587,2.31563575675394
Texas,Denton County,TX,365,48121,280,73,12,0,0,0,133,67,43,0,6,287,0,72,0,30,1318,2.27617602427921
Texas,Ector County,TX,354,48135,319,35,0,0,0,0,80,50,28,0,0,0,0,354,0,5,152,3.28947368421053
Texas,El Paso County,TX,365,48141,147,205,11,2,0,0,157,84,53,0,21,204,0,137,3,77,2623,2.93556995806329
Texas,Ellis County,TX,365,48139,300,65,0,0,0,0,97,56,40,0,6,269,0,90,0,14,309,4.53074433656958
Texas,Freestone County,TX,357,48161,357,0,0,0,0,0,31,1,0,0,0,0,357,0,0,0,10,0
Texas,Galveston County,TX,365,48167,293,64,8,0,0,0,136,61,39,0,3,261,3,97,1,32,788,4.06091370558376
Texas,Gregg County,TX,362,48183,322,39,1,0,0,0,112,51,35,0,2,343,17,0,0,6,203,2.95566502463054
Texas,Harris County,TX,365,48201,179,159,22,4,1,0,202,93,51,0,22,154,2,184,3,224,11770,1.90314358538658
Texas,Harrison County,TX,364,48203,296,67,1,0,0,0,113,54,38,0,0,202,35,127,0,24,239,10.0418410041841
Texas,Hidalgo County,TX,365,48215,243,120,2,0,0,0,106,66,42,0,0,132,0,232,1,10,537,1.86219739292365
Texas,Hood County,TX,357,48221,325,31,1,0,0,0,133,50,35,0,0,357,0,0,0,3,27,11.1111111111111
Texas,Howard County,TX,334,48227,294,36,4,0,0,0,115,54,11,0,0,0,334,0,0,1,8,12.5
Texas,Hunt County,TX,364,48231,345,19,0,0,0,0,97,47,35,0,3,361,0,0,0,4,79,5.06329113924051
Texas,Hutchinson County,TX,359,48233,221,57,79,2,0,0,162,117,19,0,0,0,359,0,0,0,37,0
Texas,Jefferson County,TX,365,48245,249,109,6,1,0,0,174,65,43,0,0,202,15,148,0,27,524,5.15267175572519
Texas,Johnson County,TX,352,48251,298,47,7,0,0,0,143,61,38,0,0,352,0,0,0,4,171,2.33918128654971
Texas,Kaufman County,TX,365,48257,320,45,0,0,0,0,93,52,39,0,1,288,0,76,0,2,217,0.921658986175115
Texas,Kleberg County,TX,284,48273,234,50,0,0,0,0,87,56,30,0,0,0,0,284,0,1,16,6.25
Texas,Lubbock County,TX,330,48303,316,13,1,0,0,0,103,42,25,0,0,0,0,330,0,50,680,7.35294117647059
Texas,Maverick County,TX,339,48323,287,51,1,0,0,0,104,54,25,0,0,0,0,339,0,1,109,0.91743119266055
Texas,McLennan County,TX,365,48309,329,36,0,0,0,0,87,50,38,1,0,321,0,43,0,4,117,3.41880341880342
Texas,Milam County,TX,338,48331,338,0,0,0,0,0,4,1,0,0,0,0,338,0,0,1,28,3.57142857142857
Texas,Montgomery County,TX,365,48339,306,54,5,0,0,0,143,58,38,0,2,284,0,79,0,26,940,2.76595744680851
Texas,Navarro County,TX,365,48349,275,80,7,3,0,0,193,67,41,0,2,225,67,71,0,2,50,4
Texas,Nueces County,TX,365,48355,262,102,1,0,0,0,107,62,42,0,0,171,1,193,0,3,268,1.11940298507463
Texas,Orange County,TX,365,48361,288,75,2,0,0,0,111,59,39,0,0,195,20,150,0,2,98,2.04081632653061
Texas,Parker County,TX,363,48367,317,46,0,0,0,0,100,54,37,0,0,363,0,0,0,1,74,1.35135135135135
Texas,Polk County,TX,344,48373,334,10,0,0,0,0,74,44,31,0,0,344,0,0,0,0,55,0
Texas,Potter County,TX,365,48375,322,35,8,0,0,0,119,55,22,0,0,0,110,255,0,28,2276,1.23022847100176
Texas,Randall County,TX,354,48381,280,72,2,0,0,0,112,61,41,0,0,354,0,0,0,6,658,0.911854103343465
Texas,Robertson County,TX,352,48395,352,0,0,0,0,0,17,1,0,0,0,0,352,0,0,0,8,0
Texas,Rockwall County,TX,323,48397,305,16,2,0,0,0,105,47,34,0,0,323,0,0,0,13,164,7.92682926829268
Texas,Rusk County,TX,358,48401,316,34,8,0,0,0,129,57,9,0,0,0,358,0,0,2,45,4.44444444444444
Texas,Smith County,TX,364,48423,326,37,1,0,0,0,133,51,36,0,4,360,0,0,0,4,200,2
Texas,Tarrant County,TX,365,48439,234,117,14,0,0,0,147,74,44,0,16,216,0,133,0,158,5294,2.98451076690593
Texas,Titus County,TX,348,48449,346,2,0,0,0,0,54,11,0,0,0,0,348,0,0,2,464,0.431034482758621
Texas,Travis County,TX,365,48453,249,114,2,0,0,0,115,63,44,0,7,178,0,180,0,92,3124,2.9449423815621
Texas,Victoria County,TX,341,48469,319,22,0,0,0,0,87,48,31,0,0,341,0,0,0,7,160,4.375
Texas,Webb County,TX,365,48479,258,106,1,0,0,0,109,67,41,0,0,138,0,225,2,19,535,3.55140186915888
Utah,Box Elder County,UT,364,49003,313,49,2,0,0,0,121,54,40,0,66,275,0,23,0,1,26,3.84615384615385
Utah,Cache County,UT,365,49005,272,79,14,0,0,0,147,67,44,0,1,289,0,75,0,1,142,0.704225352112676
Utah,Carbon County,UT,365,49007,265,99,1,0,0,0,108,64,46,0,4,361,0,0,0,0,11,0
Utah,Davis County,UT,365,49011,265,94,6,0,0,0,119,73,44,0,41,270,0,54,0,2,447,0.447427293064877
Utah,Duchesne County,UT,365,49013,234,120,7,4,0,0,177,71,48,0,0,332,0,33,0,0,8,0
Utah,Garfield County,UT,289,49017,252,37,0,0,0,0,80,51,41,0,0,269,0,20,0,0,3,0
Utah,Iron County,UT,365,49021,329,36,0,0,0,0,84,50,42,0,20,323,0,22,0,1,56,1.78571428571429
Utah,Salt Lake County,UT,365,49035,173,176,16,0,0,0,136,87,51,0,35,244,0,81,5,71,4994,1.42170604725671
Utah,San Juan County,UT,362,49037,299,63,0,0,0,0,93,58,44,0,0,362,0,0,0,5,286,1.74825174825175
Utah,Tooele County,UT,365,49045,302,61,2,0,0,0,117,61,43,0,1,312,0,52,0,0,125,0
Utah,Uintah County,UT,365,49047,223,125,12,4,1,0,205,77,49,0,0,343,0,22,0,0,9,0
Utah,Utah County,UT,365,49049,253,111,1,0,0,0,107,67,46,0,7,297,0,59,2,17,1826,0.930996714129244
Utah,Washington County,UT,365,49053,291,74,0,0,0,0,93,61,44,0,0,355,0,10,0,1,324,0.308641975308642
Utah,Wayne County,UT,50,49055,50,0,0,0,0,0,16,15,7,0,0,0,0,50,0,0,0,#DIV/0!
Utah,Weber County,UT,308,49057,243,63,2,0,0,0,108,64,42,0,35,214,0,59,0,6,280,2.14285714285714
Vermont,Bennington County,VT,365,50003,345,20,0,0,0,0,94,46,35,0,0,312,0,53,0,1,63,1.58730158730159
Vermont,Chittenden County,VT,365,50007,335,30,0,0,0,0,80,49,37,0,0,283,0,82,0,39,448,8.70535714285714
Vermont,Rutland County,VT,365,50021,322,43,0,0,0,0,88,53,36,0,1,237,0,126,1,1,55,1.81818181818182
Vermont,Windham County,VT,51,50025,51,0,0,0,0,0,31,18,8,0,0,0,0,51,0,3,81,3.7037037037037
Virginia,Albemarle County,VA,282,51003,264,18,0,0,0,0,67,48,40,0,0,233,0,49,0,8,180,4.44444444444444
Virginia,Arlington County,VA,365,51013,305,59,1,0,0,0,112,60,38,1,98,228,0,38,0,111,2089,5.31354715174725
Virginia,Botetourt County,VA,355,51023,353,2,0,0,0,0,71,16,0,0,0,0,355,0,0,4,32,12.5
Virginia,Caroline County,VA,239,51033,229,10,0,0,0,0,84,48,39,0,0,239,0,0,0,2,58,3.44827586206897
Virginia,Carroll County,VA,61,51035,61,0,0,0,0,0,18,15,9,0,0,0,0,0,61,1,90,1.11111111111111
Virginia,Chesterfield County,VA,280,51041,255,25,0,0,0,0,87,50,39,0,0,235,0,45,0,35,1400,2.5
Virginia,Fairfax County,VA,365,51059,260,103,2,0,0,0,105,61,44,0,38,167,0,160,0,378,10738,3.52020860495437
Virginia,Fauquier County,VA,233,51061,229,4,0,0,0,0,64,45,37,0,0,233,0,0,0,6,308,1.94805194805195
Virginia,Frederick County,VA,365,51069,333,32,0,0,0,0,96,49,38,0,0,203,0,162,0,4,331,1.20845921450151
Virginia,Giles County,VA,365,51071,306,55,4,0,0,0,134,59,41,0,0,296,69,0,0,0,5,0
Virginia,Hanover County,VA,243,51085,216,27,0,0,0,0,90,54,41,0,0,243,0,0,0,24,320,7.5
Virginia,Henrico County,VA,363,51087,329,34,0,0,0,0,100,50,37,4,17,302,0,40,0,133,1678,7.92610250297974
Virginia,Loudoun County,VA,337,51107,298,38,1,0,0,0,112,53,37,0,78,211,0,48,0,62,2429,2.55249073692878
Virginia,Madison County,VA,362,51113,336,26,0,0,0,0,67,50,41,0,0,353,0,9,0,1,39,2.56410256410256
Virginia,Prince Edward County,VA,358,51147,351,7,0,0,0,0,67,44,35,0,0,358,0,0,0,2,129,1.55038759689923
Virginia,Prince William County,VA,364,51153,347,17,0,0,0,0,100,48,36,0,119,245,0,0,0,101,5270,1.91650853889943
Virginia,Roanoke County,VA,365,51161,329,36,0,0,0,0,71,50,37,0,57,203,0,105,0,7,102,6.86274509803922
Virginia,Rockbridge County,VA,254,51163,244,10,0,0,0,0,71,46,38,0,0,239,0,15,0,0,16,0
Virginia,Rockingham County,VA,365,51165,349,16,0,0,0,0,65,48,36,0,94,227,0,44,0,6,505,1.18811881188119
Virginia,Stafford County,VA,260,51179,244,16,0,0,0,0,93,49,39,0,0,240,0,0,20,4,681,0.587371512481645
Virginia,Wythe County,VA,242,51197,232,10,0,0,0,0,71,48,41,0,0,242,0,0,0,1,21,4.76190476190476
Washington,Adams County,WA,360,53001,354,6,0,0,0,0,88,31,13,0,0,0,0,360,0,0,59,0
Washington,Asotin County,WA,357,53003,292,64,1,0,0,0,125,60,27,0,0,0,0,357,0,2,19,10.5263157894737
Washington,Benton County,WA,364,53005,303,61,0,0,0,0,80,55,37,0,0,158,0,191,15,62,757,8.19022457067371
Washington,Chelan County,WA,365,53007,298,66,1,0,0,0,102,56,24,0,0,0,0,365,0,6,244,2.45901639344262
Washington,Clallam County,WA,365,53009,341,24,0,0,0,0,70,49,34,0,0,238,0,127,0,0,25,0
Washington,Clark County,WA,364,53011,305,58,1,0,0,0,128,58,31,0,0,145,0,219,0,22,477,4.61215932914046
Washington,Columbia County,WA,365,53013,340,25,0,0,0,0,68,42,17,0,0,0,0,365,0,0,1,0
Washington,Cowlitz County,WA,360,53015,338,22,0,0,0,0,76,45,18,0,0,0,0,360,0,0,73,0
Washington,Franklin County,WA,333,53021,314,19,0,0,0,0,71,43,16,0,0,0,0,333,0,20,535,3.73831775700935
Washington,Garfield County,WA,358,53023,350,8,0,0,0,0,62,36,17,0,0,0,0,358,0,0,0,#DIV/0!
Washington,Grant County,WA,365,53025,339,26,0,0,0,0,67,45,18,0,0,0,0,365,0,4,202,1.98019801980198
Washington,Grays Harbor County,WA,352,53027,348,4,0,0,0,0,57,35,20,0,0,0,0,352,0,0,16,0
Washington,Jefferson County,WA,365,53031,364,1,0,0,0,0,51,32,19,0,0,0,0,365,0,0,30,0
Washington,King County,WA,365,53033,280,85,0,0,0,0,90,60,40,0,65,110,0,190,0,564,7949,7.09523210466725
Washington,Kitsap County,WA,340,53035,338,2,0,0,0,0,75,35,18,0,0,0,0,340,0,2,161,1.24223602484472
Washington,Kittitas County,WA,365,53037,305,60,0,0,0,0,96,56,23,0,0,0,0,365,0,0,83,0
Washington,Klickitat County,WA,365,53039,340,25,0,0,0,0,96,45,20,0,0,0,0,365,0,3,24,12.5
Washington,Lewis County,WA,365,53041,343,22,0,0,0,0,62,45,20,0,0,0,0,365,0,3,35,8.57142857142857
Washington,Mason County,WA,361,53045,339,22,0,0,0,0,71,43,21,0,0,0,0,361,0,1,35,2.85714285714286
Washington,Okanogan County,WA,365,53047,260,105,0,0,0,0,90,64,31,0,0,0,0,365,0,1,47,2.12765957446808
Washington,Pierce County,WA,365,53053,285,78,2,0,0,0,142,63,41,0,14,206,0,145,0,78,1909,4.08590885280252
Washington,San Juan County,WA,112,53055,112,0,0,0,0,0,39,23,16,0,0,0,0,112,0,0,15,0
Washington,Skagit County,WA,365,53057,361,4,0,0,0,0,54,36,24,0,0,97,0,268,0,15,430,3.48837209302326
Washington,Snohomish County,WA,364,53061,272,91,1,0,0,0,114,67,30,0,0,0,0,364,0,147,2945,4.99151103565365
Washington,Spokane County,WA,365,53063,301,63,1,0,0,0,107,59,37,0,0,143,0,197,25,32,555,5.76576576576577
Washington,Stevens County,WA,365,53065,274,90,1,0,0,0,146,63,28,0,0,0,0,284,81,1,11,9.09090909090909
Washington,Thurston County,WA,365,53067,323,42,0,0,0,0,71,52,30,0,0,150,0,215,0,1,133,0.75187969924812
Washington,Walla Walla County,WA,365,53071,328,37,0,0,0,0,93,51,21,0,0,0,0,182,183,2,108,1.85185185185185
Washington,Whatcom County,WA,365,53073,277,78,10,0,0,0,122,70,34,0,0,55,171,139,0,36,383,9.39947780678851
Washington,Whitman County,WA,365,53075,354,11,0,0,0,0,67,38,18,0,0,0,0,365,0,0,16,0
Washington,Yakima County,WA,365,53077,227,128,10,0,0,0,127,76,38,0,0,0,0,363,2,94,3369,2.79014544375186
West Virginia,Berkeley County,WV,278,54003,252,24,2,0,0,0,127,50,40,0,0,224,0,54,0,6,301,1.99335548172757
West Virginia,Brooke County,WV,365,54009,317,45,3,0,0,0,112,53,24,0,0,0,149,114,102,0,4,0
West Virginia,Cabell County,WV,275,54011,255,20,0,0,0,0,71,49,39,0,0,216,0,59,0,0,61,0
West Virginia,Gilmer County,WV,336,54021,333,3,0,0,0,0,58,44,32,0,0,336,0,0,0,0,10,0
West Virginia,Greenbrier County,WV,242,54025,222,20,0,0,0,0,84,50,42,0,0,242,0,0,0,0,9,0
West Virginia,Hancock County,WV,365,54029,330,35,0,0,0,0,93,50,37,0,0,228,82,33,22,0,17,0
West Virginia,Harrison County,WV,111,54033,101,10,0,0,0,0,59,49,31,0,0,0,0,111,0,1,41,2.4390243902439
West Virginia,Kanawha County,WV,365,54039,314,51,0,0,0,0,93,54,40,18,0,240,3,104,0,18,220,8.18181818181818
West Virginia,Marion County,WV,99,54049,87,12,0,0,0,0,61,54,31,0,0,0,0,99,0,2,50,4
West Virginia,Marshall County,WV,354,54051,326,28,0,0,0,0,77,45,7,0,0,0,236,118,0,0,28,0
West Virginia,Mason County,WV,360,54053,352,6,2,0,0,0,105,26,3,0,0,0,360,0,0,0,15,0
West Virginia,Mineral County,WV,344,54057,321,10,12,1,0,0,161,31,3,0,0,0,344,0,0,1,45,2.22222222222222
West Virginia,Monongalia County,WV,364,54061,337,27,0,0,0,0,74,49,36,0,0,226,87,51,0,5,132,3.78787878787879
West Virginia,Ohio County,WV,283,54069,249,34,0,0,0,0,71,52,41,0,0,230,0,53,0,1,41,2.4390243902439
West Virginia,Tucker County,WV,360,54093,347,13,0,0,0,0,61,47,35,0,0,359,0,1,0,0,4,0
West Virginia,Wood County,WV,364,54107,333,31,0,0,0,0,87,49,35,0,0,226,88,50,0,2,54,3.7037037037037
Wisconsin,Ashland County,WI,364,55003,343,21,0,0,0,0,78,47,34,0,0,313,0,51,0,0,2,0
Wisconsin,Brown County,WI,365,55009,314,51,0,0,0,0,97,52,35,0,0,168,4,193,0,35,2308,1.51646447140381
Wisconsin,Columbia County,WI,192,55021,184,8,0,0,0,0,71,46,37,0,0,192,0,0,0,1,43,2.32558139534884
Wisconsin,Dane County,WI,365,55025,287,78,0,0,0,0,93,61,38,0,0,161,0,204,0,27,705,3.82978723404255
Wisconsin,Dodge County,WI,365,55027,297,67,1,0,0,0,122,57,40,0,0,260,0,105,0,1,180,0.555555555555556
Wisconsin,Door County,WI,201,55029,191,9,1,0,0,0,112,47,35,0,0,201,0,0,0,3,38,7.89473684210526
Wisconsin,Eau Claire County,WI,363,55035,305,58,0,0,0,0,90,55,34,0,0,167,0,196,0,0,107,0
Wisconsin,Fond du Lac County,WI,202,55039,195,7,0,0,0,0,100,47,36,0,0,202,0,0,0,5,194,2.57731958762887
Wisconsin,Forest County,WI,363,55041,338,25,0,0,0,0,97,48,35,0,0,296,0,67,0,1,28,3.57142857142857
Wisconsin,Grant County,WI,365,55043,304,60,1,0,0,0,104,57,29,0,0,0,0,365,0,12,94,12.7659574468085
Wisconsin,Jefferson County,WI,203,55055,191,12,0,0,0,0,100,48,37,0,0,203,0,0,0,3,101,2.97029702970297
Wisconsin,Kenosha County,WI,365,55059,289,74,2,0,0,0,119,63,40,0,0,220,0,145,0,27,1131,2.38726790450928
Wisconsin,Kewaunee County,WI,210,55061,199,11,0,0,0,0,90,45,36,0,0,210,0,0,0,1,34,2.94117647058823
Wisconsin,La Crosse County,WI,365,55063,310,55,0,0,0,0,83,57,35,0,0,186,0,179,0,0,53,0
Wisconsin,Manitowoc County,WI,202,55071,187,15,0,0,0,0,100,48,36,0,0,202,0,0,0,1,36,2.77777777777778
Wisconsin,Marathon County,WI,205,55073,196,9,0,0,0,0,84,47,34,0,0,205,0,0,0,1,46,2.17391304347826
Wisconsin,Milwaukee County,WI,365,55079,269,93,3,0,0,0,105,64,42,0,11,193,0,154,7,294,7429,3.95746399246197
Wisconsin,Oneida County,WI,365,55085,363,2,0,0,0,0,52,7,0,0,0,0,365,0,0,0,9,0
Wisconsin,Outagamie County,WI,365,55087,304,59,2,0,0,0,119,58,37,0,0,172,8,185,0,8,213,3.75586854460094
Wisconsin,Ozaukee County,WI,363,55089,308,52,3,0,0,0,108,58,37,0,0,201,0,162,0,11,159,6.91823899371069
Wisconsin,Racine County,WI,203,55101,174,28,1,0,0,0,115,58,39,0,0,203,0,0,0,35,1652,2.11864406779661
Wisconsin,Rock County,WI,203,55105,185,18,0,0,0,0,77,50,38,0,0,203,0,0,0,18,620,2.90322580645161
Wisconsin,Sauk County,WI,365,55111,311,53,1,0,0,0,107,54,35,0,0,175,0,190,0,3,78,3.84615384615385
Wisconsin,Sheboygan County,WI,206,55117,180,24,2,0,0,0,108,61,38,0,0,206,0,0,0,3,87,3.44827586206897
Wisconsin,Taylor County,WI,365,55119,320,45,0,0,0,0,85,52,35,0,0,277,0,88,0,0,2,0
Wisconsin,Vilas County,WI,362,55125,345,17,0,0,0,0,90,45,29,0,0,177,0,185,0,0,6,0
Wisconsin,Walworth County,WI,205,55127,189,15,1,0,0,0,112,49,37,0,0,205,0,0,0,17,379,4.48548812664908
Wisconsin,Waukesha County,WI,365,55133,281,83,1,0,0,0,115,60,40,0,0,154,0,210,1,28,665,4.21052631578947
Wyoming,Albany County,WY,365,56001,247,118,0,0,0,0,90,61,47,0,0,328,0,2,35,0,25,0
Wyoming,Big Horn County,WY,356,56003,344,12,0,0,0,0,77,46,36,0,0,356,0,0,0,0,5,0
Wyoming,Campbell County,WY,365,56005,309,55,1,0,0,0,111,56,40,0,1,228,0,5,131,0,31,0
Wyoming,Carbon County,WY,365,56007,325,38,2,0,0,0,139,51,43,0,8,347,10,0,0,1,16,6.25
Wyoming,Converse County,WY,365,56009,317,47,1,0,0,0,101,52,41,0,3,319,1,3,39,0,24,0
Wyoming,Fremont County,WY,365,56013,294,69,2,0,0,0,148,61,45,0,0,321,22,22,0,6,273,2.1978021978022
Wyoming,Johnson County,WY,364,56019,345,19,0,0,0,0,80,49,40,0,1,356,0,0,7,1,18,5.55555555555556
Wyoming,Laramie County,WY,365,56021,305,60,0,0,0,0,74,58,43,0,4,334,0,11,16,2,188,1.06382978723404
Wyoming,Lincoln County,WY,365,56023,364,1,0,0,0,0,56,27,12,0,0,0,0,0,365,0,15,0
Wyoming,Natrona County,WY,364,56025,327,37,0,0,0,0,84,51,42,0,1,358,2,3,0,1,76,1.31578947368421
Wyoming,Park County,WY,304,56029,292,12,0,0,0,0,77,47,38,0,3,268,0,27,6,0,2,0
Wyoming,Platte County,WY,60,56031,56,3,1,0,0,0,108,37,14,0,0,0,0,0,60,0,1,0
Wyoming,Sheridan County,WY,365,56033,325,40,0,0,0,0,90,51,39,0,0,305,0,32,28,0,16,0
Wyoming,Sublette County,WY,365,56035,266,88,8,3,0,0,200,71,46,0,0,363,0,2,0,0,3,0
Wyoming,Sweetwater County,WY,365,56037,262,100,3,0,0,0,133,64,46,0,4,321,0,5,35,0,26,0
Wyoming,Teton County,WY,365,56039,326,39,0,0,0,0,87,51,43,0,0,359,0,4,2,1,100,1
Wyoming,Uinta County,WY,365,56041,315,49,1,0,0,0,101,58,44,0,1,360,0,0,4,0,12,0
Wyoming,Weston County,WY,365,56045,340,25,0,0,0,0,71,49,40,0,0,360,5,0,0,0,1,0
